<?xml version="1.0" encoding="UTF-8"?>
<DEFECTS>
  <DEFECT>
    <SFA>
      <FILEPATH>D:\Ryesim\Crop source\</FILEPATH>
      <FILENAME>cpmdate.cpp</FILENAME>
      <LINE>6</LINE>
      <COLUMN>9</COLUMN>
    </SFA>
    <DEFECTCODE>26495</DEFECTCODE>
    <DESCRIPTION>Variable 'CPMDate::year_string' is uninitialized. Always initialize a member variable (type.6).</DESCRIPTION>
    <FUNCTION>CPMDate::{ctor}</FUNCTION>
    <DECORATED>??0CPMDate@@QAE@XZ</DECORATED>
    <FUNCLINE>6</FUNCLINE>
    <ADDITIONALINFO>
      <targetSymbol>CPMDate::year_string</targetSymbol>
    </ADDITIONALINFO>
    <PATH></PATH>
  </DEFECT>
  <DEFECT>
    <SFA>
      <FILEPATH>D:\Ryesim\Crop source\</FILEPATH>
      <FILENAME>cpmdate.cpp</FILENAME>
      <LINE>6</LINE>
      <COLUMN>9</COLUMN>
    </SFA>
    <DEFECTCODE>26495</DEFECTCODE>
    <DESCRIPTION>Variable 'CPMDate::date' is uninitialized. Always initialize a member variable (type.6).</DESCRIPTION>
    <FUNCTION>CPMDate::{ctor}</FUNCTION>
    <DECORATED>??0CPMDate@@QAE@XZ</DECORATED>
    <FUNCLINE>6</FUNCLINE>
    <ADDITIONALINFO>
      <targetSymbol>CPMDate::date</targetSymbol>
    </ADDITIONALINFO>
    <PATH></PATH>
  </DEFECT>
  <DEFECT>
    <SFA>
      <FILEPATH>D:\Ryesim\Crop source\</FILEPATH>
      <FILENAME>cpmdate.cpp</FILENAME>
      <LINE>6</LINE>
      <COLUMN>9</COLUMN>
    </SFA>
    <DEFECTCODE>26495</DEFECTCODE>
    <DESCRIPTION>Variable 'CPMDate::day_string' is uninitialized. Always initialize a member variable (type.6).</DESCRIPTION>
    <FUNCTION>CPMDate::{ctor}</FUNCTION>
    <DECORATED>??0CPMDate@@QAE@XZ</DECORATED>
    <FUNCLINE>6</FUNCLINE>
    <ADDITIONALINFO>
      <targetSymbol>CPMDate::day_string</targetSymbol>
    </ADDITIONALINFO>
    <PATH></PATH>
  </DEFECT>
  <DEFECT>
    <SFA>
      <FILEPATH>D:\Ryesim\Crop source\</FILEPATH>
      <FILENAME>cpmdate.cpp</FILENAME>
      <LINE>6</LINE>
      <COLUMN>9</COLUMN>
    </SFA>
    <DEFECTCODE>26495</DEFECTCODE>
    <DESCRIPTION>Variable 'CPMDate::month_string' is uninitialized. Always initialize a member variable (type.6).</DESCRIPTION>
    <FUNCTION>CPMDate::{ctor}</FUNCTION>
    <DECORATED>??0CPMDate@@QAE@XZ</DECORATED>
    <FUNCLINE>6</FUNCLINE>
    <ADDITIONALINFO>
      <targetSymbol>CPMDate::month_string</targetSymbol>
    </ADDITIONALINFO>
    <PATH></PATH>
  </DEFECT>
  <DEFECT>
    <SFA>
      <FILEPATH>D:\Ryesim\Crop source\</FILEPATH>
      <FILENAME>cpmdate.cpp</FILENAME>
      <LINE>6</LINE>
      <COLUMN>9</COLUMN>
    </SFA>
    <DEFECTCODE>26495</DEFECTCODE>
    <DESCRIPTION>Variable 'CPMDate::digit_string' is uninitialized. Always initialize a member variable (type.6).</DESCRIPTION>
    <FUNCTION>CPMDate::{ctor}</FUNCTION>
    <DECORATED>??0CPMDate@@QAE@XZ</DECORATED>
    <FUNCLINE>6</FUNCLINE>
    <ADDITIONALINFO>
      <targetSymbol>CPMDate::digit_string</targetSymbol>
    </ADDITIONALINFO>
    <PATH></PATH>
  </DEFECT>
  <DEFECT>
    <SFA>
      <FILEPATH>D:\Ryesim\Crop source\</FILEPATH>
      <FILENAME>cpmdate.cpp</FILENAME>
      <LINE>6</LINE>
      <COLUMN>9</COLUMN>
    </SFA>
    <DEFECTCODE>26495</DEFECTCODE>
    <DESCRIPTION>Variable 'CPMDate::day_number' is uninitialized. Always initialize a member variable (type.6).</DESCRIPTION>
    <FUNCTION>CPMDate::{ctor}</FUNCTION>
    <DECORATED>??0CPMDate@@QAE@XZ</DECORATED>
    <FUNCLINE>6</FUNCLINE>
    <ADDITIONALINFO>
      <targetSymbol>CPMDate::day_number</targetSymbol>
    </ADDITIONALINFO>
    <PATH></PATH>
  </DEFECT>
  <DEFECT>
    <SFA>
      <FILEPATH>D:\Ryesim\Crop source\</FILEPATH>
      <FILENAME>cpmdate.cpp</FILENAME>
      <LINE>6</LINE>
      <COLUMN>9</COLUMN>
    </SFA>
    <DEFECTCODE>26495</DEFECTCODE>
    <DESCRIPTION>Variable 'CPMDate::year' is uninitialized. Always initialize a member variable (type.6).</DESCRIPTION>
    <FUNCTION>CPMDate::{ctor}</FUNCTION>
    <DECORATED>??0CPMDate@@QAE@XZ</DECORATED>
    <FUNCLINE>6</FUNCLINE>
    <ADDITIONALINFO>
      <targetSymbol>CPMDate::year</targetSymbol>
    </ADDITIONALINFO>
    <PATH></PATH>
  </DEFECT>
  <DEFECT>
    <SFA>
      <FILEPATH>D:\Ryesim\Crop source\</FILEPATH>
      <FILENAME>cpmdate.cpp</FILENAME>
      <LINE>6</LINE>
      <COLUMN>9</COLUMN>
    </SFA>
    <DEFECTCODE>26495</DEFECTCODE>
    <DESCRIPTION>Variable 'CPMDate::day' is uninitialized. Always initialize a member variable (type.6).</DESCRIPTION>
    <FUNCTION>CPMDate::{ctor}</FUNCTION>
    <DECORATED>??0CPMDate@@QAE@XZ</DECORATED>
    <FUNCLINE>6</FUNCLINE>
    <ADDITIONALINFO>
      <targetSymbol>CPMDate::day</targetSymbol>
    </ADDITIONALINFO>
    <PATH></PATH>
  </DEFECT>
  <DEFECT>
    <SFA>
      <FILEPATH>D:\Ryesim\Crop source\</FILEPATH>
      <FILENAME>cpmdate.cpp</FILENAME>
      <LINE>6</LINE>
      <COLUMN>9</COLUMN>
    </SFA>
    <DEFECTCODE>26495</DEFECTCODE>
    <DESCRIPTION>Variable 'CPMDate::month' is uninitialized. Always initialize a member variable (type.6).</DESCRIPTION>
    <FUNCTION>CPMDate::{ctor}</FUNCTION>
    <DECORATED>??0CPMDate@@QAE@XZ</DECORATED>
    <FUNCLINE>6</FUNCLINE>
    <ADDITIONALINFO>
      <targetSymbol>CPMDate::month</targetSymbol>
    </ADDITIONALINFO>
    <PATH></PATH>
  </DEFECT>
  <DEFECT>
    <SFA>
      <FILEPATH>D:\Ryesim\Crop source\</FILEPATH>
      <FILENAME>cpmdate.cpp</FILENAME>
      <LINE>164</LINE>
      <COLUMN>9</COLUMN>
    </SFA>
    <DEFECTCODE>6054</DEFECTCODE>
    <DESCRIPTION>String 'ybuffer' might not be zero-terminated.</DESCRIPTION>
    <FUNCTION>CPMDate::y_to_str</FUNCTION>
    <DECORATED>?y_to_str@CPMDate@@AAEXXZ</DECORATED>
    <FUNCLINE>160</FUNCLINE>
    <PROBABILITY>1</PROBABILITY>
    <RANK>3</RANK>
    <CATEGORY>
      <RULECATEGORY>mspft</RULECATEGORY>
    </CATEGORY>
    <PATH>
      <SFA>
        <FILEPATH>D:\Ryesim\Crop source\</FILEPATH>
        <FILENAME>cpmdate.cpp</FILENAME>
        <LINE>162</LINE>
        <COLUMN>6</COLUMN>
        <KEYEVENT>
          <ID>1</ID>
          <KIND>declaration</KIND>
          <IMPORTANCE>Essential</IMPORTANCE>
          <MESSAGE>This expression may not zero-terminate 'ybuffer'</MESSAGE>
        </KEYEVENT>
      </SFA>
      <SFA>
        <FILEPATH>D:\Ryesim\Crop source\</FILEPATH>
        <FILENAME>cpmdate.cpp</FILENAME>
        <LINE>163</LINE>
        <COLUMN>8</COLUMN>
        <KEYEVENT>
          <ID>2</ID>
          <KIND>declaration</KIND>
          <IMPORTANCE>Full</IMPORTANCE>
          <MESSAGE>'ybuffer' is an Output from '_itoa_s' (declared at c:\program files (x86)\windows kits\10\include\10.0.19041.0\ucrt\stdlib.h:633)</MESSAGE>
        </KEYEVENT>
      </SFA>
      <SFA>
        <FILEPATH>D:\Ryesim\Crop source\</FILEPATH>
        <FILENAME>cpmdate.cpp</FILENAME>
        <LINE>164</LINE>
        <COLUMN>9</COLUMN>
        <KEYEVENT>
          <ID>3</ID>
          <KIND>usage</KIND>
          <IMPORTANCE>Full</IMPORTANCE>
          <MESSAGE>'ybuffer' is an Input to 'strcpy_s' (declared at c:\program files (x86)\windows kits\10\include\10.0.19041.0\ucrt\string.h:124)</MESSAGE>
        </KEYEVENT>
      </SFA>
      <SFA>
        <FILEPATH>D:\Ryesim\Crop source\</FILEPATH>
        <FILENAME>cpmdate.cpp</FILENAME>
        <LINE>164</LINE>
        <COLUMN>9</COLUMN>
        <KEYEVENT>
          <ID>4</ID>
          <KIND>usage</KIND>
          <IMPORTANCE>Essential</IMPORTANCE>
          <MESSAGE>'ybuffer' is required to be zero-terminated by a SAL annotation on 'strcpy_s'</MESSAGE>
        </KEYEVENT>
      </SFA>
    </PATH>
  </DEFECT>
  <DEFECT>
    <SFA>
      <FILEPATH>D:\Ryesim\Crop source\</FILEPATH>
      <FILENAME>cpmdate.cpp</FILENAME>
      <LINE>209</LINE>
      <COLUMN>9</COLUMN>
    </SFA>
    <DEFECTCODE>6054</DEFECTCODE>
    <DESCRIPTION>String 'buffer' might not be zero-terminated.</DESCRIPTION>
    <FUNCTION>CPMDate::m_to_str</FUNCTION>
    <DECORATED>?m_to_str@CPMDate@@AAEXXZ</DECORATED>
    <FUNCLINE>167</FUNCLINE>
    <PROBABILITY>1</PROBABILITY>
    <RANK>3</RANK>
    <CATEGORY>
      <RULECATEGORY>mspft</RULECATEGORY>
    </CATEGORY>
    <PATH>
      <SFA>
        <FILEPATH>D:\Ryesim\Crop source\</FILEPATH>
        <FILENAME>cpmdate.cpp</FILENAME>
        <LINE>169</LINE>
        <COLUMN>6</COLUMN>
        <KEYEVENT>
          <ID>1</ID>
          <KIND>declaration</KIND>
          <IMPORTANCE>Essential</IMPORTANCE>
          <MESSAGE>This expression may not zero-terminate 'buffer'</MESSAGE>
        </KEYEVENT>
      </SFA>
      <SFA>
        <FILEPATH>D:\Ryesim\Crop source\</FILEPATH>
        <FILENAME>cpmdate.cpp</FILENAME>
        <LINE>170</LINE>
        <COLUMN>8</COLUMN>
        <KEYEVENT>
          <ID>2</ID>
          <KIND>branch</KIND>
          <IMPORTANCE>Full</IMPORTANCE>
          <MESSAGE>Assume switch ( 'month' ) resolves to the default case</MESSAGE>
        </KEYEVENT>
      </SFA>
      <SFA>
        <FILEPATH>D:\Ryesim\Crop source\</FILEPATH>
        <FILENAME>cpmdate.cpp</FILENAME>
        <LINE>209</LINE>
        <COLUMN>9</COLUMN>
        <KEYEVENT>
          <ID>3</ID>
          <KIND>usage</KIND>
          <IMPORTANCE>Full</IMPORTANCE>
          <MESSAGE>'buffer' is an Input to 'strcpy_s' (declared at c:\program files (x86)\windows kits\10\include\10.0.19041.0\ucrt\string.h:124)</MESSAGE>
        </KEYEVENT>
      </SFA>
      <SFA>
        <FILEPATH>D:\Ryesim\Crop source\</FILEPATH>
        <FILENAME>cpmdate.cpp</FILENAME>
        <LINE>209</LINE>
        <COLUMN>9</COLUMN>
        <KEYEVENT>
          <ID>4</ID>
          <KIND>usage</KIND>
          <IMPORTANCE>Essential</IMPORTANCE>
          <MESSAGE>'buffer' is required to be zero-terminated by a SAL annotation on 'strcpy_s'</MESSAGE>
        </KEYEVENT>
      </SFA>
    </PATH>
  </DEFECT>
  <DEFECT>
    <SFA>
      <FILEPATH>D:\Ryesim\Crop source\</FILEPATH>
      <FILENAME>cpmdate.cpp</FILENAME>
      <LINE>209</LINE>
      <COLUMN>24</COLUMN>
    </SFA>
    <DEFECTCODE>6001</DEFECTCODE>
    <DESCRIPTION>Using uninitialized memory 'buffer'.</DESCRIPTION>
    <FUNCTION>CPMDate::m_to_str</FUNCTION>
    <DECORATED>?m_to_str@CPMDate@@AAEXXZ</DECORATED>
    <FUNCLINE>167</FUNCLINE>
    <PROBABILITY>1</PROBABILITY>
    <RANK>3</RANK>
    <CATEGORY>
      <RULECATEGORY>mspft</RULECATEGORY>
    </CATEGORY>
    <PATH>
      <SFA>
        <FILEPATH>D:\Ryesim\Crop source\</FILEPATH>
        <FILENAME>cpmdate.cpp</FILENAME>
        <LINE>169</LINE>
        <COLUMN>6</COLUMN>
        <KEYEVENT>
          <ID>1</ID>
          <KIND>declaration</KIND>
          <IMPORTANCE>Essential</IMPORTANCE>
          <MESSAGE>'buffer' is not initialized</MESSAGE>
        </KEYEVENT>
      </SFA>
      <SFA>
        <FILEPATH>D:\Ryesim\Crop source\</FILEPATH>
        <FILENAME>cpmdate.cpp</FILENAME>
        <LINE>170</LINE>
        <COLUMN>8</COLUMN>
        <KEYEVENT>
          <ID>2</ID>
          <KIND>branch</KIND>
          <IMPORTANCE>Full</IMPORTANCE>
          <MESSAGE>Assume switch ( 'month' ) resolves to the default case</MESSAGE>
        </KEYEVENT>
      </SFA>
      <SFA>
        <FILEPATH>D:\Ryesim\Crop source\</FILEPATH>
        <FILENAME>cpmdate.cpp</FILENAME>
        <LINE>209</LINE>
        <COLUMN>9</COLUMN>
        <KEYEVENT>
          <ID>3</ID>
          <KIND>usage</KIND>
          <IMPORTANCE>Full</IMPORTANCE>
          <MESSAGE>'buffer' is an Input to 'strcpy_s' (declared at c:\program files (x86)\windows kits\10\include\10.0.19041.0\ucrt\string.h:124)</MESSAGE>
        </KEYEVENT>
      </SFA>
      <SFA>
        <FILEPATH>D:\Ryesim\Crop source\</FILEPATH>
        <FILENAME>cpmdate.cpp</FILENAME>
        <LINE>210</LINE>
        <COLUMN>0</COLUMN>
      </SFA>
      <SFA>
        <FILEPATH>D:\Ryesim\Crop source\</FILEPATH>
        <FILENAME>cpmdate.cpp</FILENAME>
        <LINE>209</LINE>
        <COLUMN>24</COLUMN>
        <KEYEVENT>
          <ID>4</ID>
          <KIND>usage</KIND>
          <IMPORTANCE>Essential</IMPORTANCE>
          <MESSAGE>'buffer' is used, but may not have been initialized</MESSAGE>
        </KEYEVENT>
      </SFA>
    </PATH>
  </DEFECT>
  <DEFECT>
    <SFA>
      <FILEPATH>D:\Ryesim\Crop source\</FILEPATH>
      <FILENAME>cpmdate.cpp</FILENAME>
      <LINE>226</LINE>
      <COLUMN>10</COLUMN>
    </SFA>
    <DEFECTCODE>6054</DEFECTCODE>
    <DESCRIPTION>String 'tbuffer' might not be zero-terminated.</DESCRIPTION>
    <FUNCTION>CPMDate::d_to_str</FUNCTION>
    <DECORATED>?d_to_str@CPMDate@@AAEXXZ</DECORATED>
    <FUNCLINE>212</FUNCLINE>
    <PROBABILITY>1</PROBABILITY>
    <RANK>3</RANK>
    <CATEGORY>
      <RULECATEGORY>mspft</RULECATEGORY>
    </CATEGORY>
    <PATH>
      <SFA>
        <FILEPATH>D:\Ryesim\Crop source\</FILEPATH>
        <FILENAME>cpmdate.cpp</FILENAME>
        <LINE>214</LINE>
        <COLUMN>6</COLUMN>
      </SFA>
      <SFA>
        <FILEPATH>D:\Ryesim\Crop source\</FILEPATH>
        <FILENAME>cpmdate.cpp</FILENAME>
        <LINE>214</LINE>
        <COLUMN>14</COLUMN>
        <KEYEVENT>
          <ID>1</ID>
          <KIND>declaration</KIND>
          <IMPORTANCE>Essential</IMPORTANCE>
          <MESSAGE>This expression may not zero-terminate 'tbuffer'</MESSAGE>
        </KEYEVENT>
      </SFA>
      <SFA>
        <FILEPATH>D:\Ryesim\Crop source\</FILEPATH>
        <FILENAME>cpmdate.cpp</FILENAME>
        <LINE>216</LINE>
        <COLUMN>8</COLUMN>
        <KEYEVENT>
          <ID>2</ID>
          <KIND>declaration</KIND>
          <IMPORTANCE>Full</IMPORTANCE>
          <MESSAGE>'tbuffer' is an Output from '_itoa_s' (declared at c:\program files (x86)\windows kits\10\include\10.0.19041.0\ucrt\stdlib.h:633)</MESSAGE>
        </KEYEVENT>
      </SFA>
      <SFA>
        <FILEPATH>D:\Ryesim\Crop source\</FILEPATH>
        <FILENAME>cpmdate.cpp</FILENAME>
        <LINE>217</LINE>
        <COLUMN>8</COLUMN>
      </SFA>
      <SFA>
        <FILEPATH>D:\Ryesim\Crop source\</FILEPATH>
        <FILENAME>cpmdate.cpp</FILENAME>
        <LINE>219</LINE>
        <COLUMN>9</COLUMN>
        <KEYEVENT>
          <ID>3</ID>
          <KIND>branch</KIND>
          <IMPORTANCE>Full</IMPORTANCE>
          <MESSAGE>Skip this branch, (assume 'day&lt;10' is false)</MESSAGE>
        </KEYEVENT>
      </SFA>
      <SFA>
        <FILEPATH>D:\Ryesim\Crop source\</FILEPATH>
        <FILENAME>cpmdate.cpp</FILENAME>
        <LINE>226</LINE>
        <COLUMN>10</COLUMN>
        <KEYEVENT>
          <ID>4</ID>
          <KIND>usage</KIND>
          <IMPORTANCE>Full</IMPORTANCE>
          <MESSAGE>'tbuffer' is an Input to 'strcpy_s' (declared at c:\program files (x86)\windows kits\10\include\10.0.19041.0\ucrt\string.h:124)</MESSAGE>
        </KEYEVENT>
      </SFA>
      <SFA>
        <FILEPATH>D:\Ryesim\Crop source\</FILEPATH>
        <FILENAME>cpmdate.cpp</FILENAME>
        <LINE>226</LINE>
        <COLUMN>10</COLUMN>
        <KEYEVENT>
          <ID>5</ID>
          <KIND>usage</KIND>
          <IMPORTANCE>Essential</IMPORTANCE>
          <MESSAGE>'tbuffer' is required to be zero-terminated by a SAL annotation on 'strcpy_s'</MESSAGE>
        </KEYEVENT>
      </SFA>
    </PATH>
  </DEFECT>
  <DEFECT>
    <SFA>
      <FILEPATH>D:\Ryesim\Crop source\</FILEPATH>
      <FILENAME>cpmdate.cpp</FILENAME>
      <LINE>217</LINE>
      <COLUMN>8</COLUMN>
    </SFA>
    <DEFECTCODE>6054</DEFECTCODE>
    <DESCRIPTION>String 'dd' might not be zero-terminated.</DESCRIPTION>
    <FUNCTION>CPMDate::d_to_str</FUNCTION>
    <DECORATED>?d_to_str@CPMDate@@AAEXXZ</DECORATED>
    <FUNCLINE>212</FUNCLINE>
    <PROBABILITY>1</PROBABILITY>
    <RANK>3</RANK>
    <CATEGORY>
      <RULECATEGORY>mspft</RULECATEGORY>
    </CATEGORY>
    <PATH>
      <SFA>
        <FILEPATH>D:\Ryesim\Crop source\</FILEPATH>
        <FILENAME>cpmdate.cpp</FILENAME>
        <LINE>214</LINE>
        <COLUMN>6</COLUMN>
        <KEYEVENT>
          <ID>1</ID>
          <KIND>declaration</KIND>
          <IMPORTANCE>Essential</IMPORTANCE>
          <MESSAGE>This expression may not zero-terminate 'dd'</MESSAGE>
        </KEYEVENT>
      </SFA>
      <SFA>
        <FILEPATH>D:\Ryesim\Crop source\</FILEPATH>
        <FILENAME>cpmdate.cpp</FILENAME>
        <LINE>214</LINE>
        <COLUMN>14</COLUMN>
      </SFA>
      <SFA>
        <FILEPATH>D:\Ryesim\Crop source\</FILEPATH>
        <FILENAME>cpmdate.cpp</FILENAME>
        <LINE>216</LINE>
        <COLUMN>8</COLUMN>
      </SFA>
      <SFA>
        <FILEPATH>D:\Ryesim\Crop source\</FILEPATH>
        <FILENAME>cpmdate.cpp</FILENAME>
        <LINE>217</LINE>
        <COLUMN>8</COLUMN>
        <KEYEVENT>
          <ID>2</ID>
          <KIND>usage</KIND>
          <IMPORTANCE>Full</IMPORTANCE>
          <MESSAGE>'dd' is an Input to 'strlen' (declared at c:\program files (x86)\windows kits\10\include\10.0.19041.0\ucrt\string.h:215)</MESSAGE>
        </KEYEVENT>
      </SFA>
      <SFA>
        <FILEPATH>D:\Ryesim\Crop source\</FILEPATH>
        <FILENAME>cpmdate.cpp</FILENAME>
        <LINE>217</LINE>
        <COLUMN>8</COLUMN>
        <KEYEVENT>
          <ID>3</ID>
          <KIND>usage</KIND>
          <IMPORTANCE>Essential</IMPORTANCE>
          <MESSAGE>'dd' is required to be zero-terminated by a SAL annotation on 'strlen'</MESSAGE>
        </KEYEVENT>
      </SFA>
    </PATH>
  </DEFECT>
  <DEFECT>
    <SFA>
      <FILEPATH>D:\Ryesim\Crop source\</FILEPATH>
      <FILENAME>cpmdate.cpp</FILENAME>
      <LINE>217</LINE>
      <COLUMN>26</COLUMN>
    </SFA>
    <DEFECTCODE>6001</DEFECTCODE>
    <DESCRIPTION>Using uninitialized memory 'dd'.</DESCRIPTION>
    <FUNCTION>CPMDate::d_to_str</FUNCTION>
    <DECORATED>?d_to_str@CPMDate@@AAEXXZ</DECORATED>
    <FUNCLINE>212</FUNCLINE>
    <PROBABILITY>1</PROBABILITY>
    <RANK>3</RANK>
    <CATEGORY>
      <RULECATEGORY>mspft</RULECATEGORY>
    </CATEGORY>
    <PATH>
      <SFA>
        <FILEPATH>D:\Ryesim\Crop source\</FILEPATH>
        <FILENAME>cpmdate.cpp</FILENAME>
        <LINE>214</LINE>
        <COLUMN>6</COLUMN>
        <KEYEVENT>
          <ID>1</ID>
          <KIND>declaration</KIND>
          <IMPORTANCE>Essential</IMPORTANCE>
          <MESSAGE>'dd' is not initialized</MESSAGE>
        </KEYEVENT>
      </SFA>
      <SFA>
        <FILEPATH>D:\Ryesim\Crop source\</FILEPATH>
        <FILENAME>cpmdate.cpp</FILENAME>
        <LINE>214</LINE>
        <COLUMN>14</COLUMN>
      </SFA>
      <SFA>
        <FILEPATH>D:\Ryesim\Crop source\</FILEPATH>
        <FILENAME>cpmdate.cpp</FILENAME>
        <LINE>216</LINE>
        <COLUMN>8</COLUMN>
      </SFA>
      <SFA>
        <FILEPATH>D:\Ryesim\Crop source\</FILEPATH>
        <FILENAME>cpmdate.cpp</FILENAME>
        <LINE>217</LINE>
        <COLUMN>8</COLUMN>
        <KEYEVENT>
          <ID>2</ID>
          <KIND>usage</KIND>
          <IMPORTANCE>Full</IMPORTANCE>
          <MESSAGE>'dd' is an Input to 'strlen' (declared at c:\program files (x86)\windows kits\10\include\10.0.19041.0\ucrt\string.h:215)</MESSAGE>
        </KEYEVENT>
      </SFA>
      <SFA>
        <FILEPATH>D:\Ryesim\Crop source\</FILEPATH>
        <FILENAME>cpmdate.cpp</FILENAME>
        <LINE>217</LINE>
        <COLUMN>26</COLUMN>
        <KEYEVENT>
          <ID>3</ID>
          <KIND>usage</KIND>
          <IMPORTANCE>Essential</IMPORTANCE>
          <MESSAGE>'dd' is used, but may not have been initialized</MESSAGE>
        </KEYEVENT>
      </SFA>
    </PATH>
  </DEFECT>
</DEFECTS>