<?xml version="1.0" encoding="UTF-8"?>
<DEFECTS>
  <DEFECT>
    <SFA>
      <FILEPATH>D:\Ryesim\Crop source\</FILEPATH>
      <FILENAME>initinfo.h</FILENAME>
      <LINE>14</LINE>
      <COLUMN>1</COLUMN>
    </SFA>
    <DEFECTCODE>26495</DEFECTCODE>
    <DESCRIPTION>Variable 'TInitInfo::description' is uninitialized. Always initialize a member variable (type.6).</DESCRIPTION>
    <FUNCTION>TInitInfo::{ctor}</FUNCTION>
    <DECORATED>??0TInitInfo@@QAE@XZ</DECORATED>
    <FUNCLINE>14</FUNCLINE>
    <ADDITIONALINFO>
      <targetSymbol>TInitInfo::description</targetSymbol>
    </ADDITIONALINFO>
    <PATH></PATH>
  </DEFECT>
  <DEFECT>
    <SFA>
      <FILEPATH>D:\Ryesim\Crop source\</FILEPATH>
      <FILENAME>initinfo.h</FILENAME>
      <LINE>14</LINE>
      <COLUMN>1</COLUMN>
    </SFA>
    <DEFECTCODE>26495</DEFECTCODE>
    <DESCRIPTION>Variable 'TInitInfo::cultivar' is uninitialized. Always initialize a member variable (type.6).</DESCRIPTION>
    <FUNCTION>TInitInfo::{ctor}</FUNCTION>
    <DECORATED>??0TInitInfo@@QAE@XZ</DECORATED>
    <FUNCLINE>14</FUNCLINE>
    <ADDITIONALINFO>
      <targetSymbol>TInitInfo::cultivar</targetSymbol>
    </ADDITIONALINFO>
    <PATH></PATH>
  </DEFECT>
  <DEFECT>
    <SFA>
      <FILEPATH>D:\Ryesim\Crop source\</FILEPATH>
      <FILENAME>gas_exchange.cpp</FILENAME>
      <LINE>49</LINE>
      <COLUMN>14</COLUMN>
    </SFA>
    <DEFECTCODE>26495</DEFECTCODE>
    <DESCRIPTION>Variable 'CGasExchange::iter_Ci' is uninitialized. Always initialize a member variable (type.6).</DESCRIPTION>
    <FUNCTION>CGasExchange::{ctor}</FUNCTION>
    <DECORATED>??0CGasExchange@@QAE@ABUTGasExSpeciesParam@@@Z</DECORATED>
    <FUNCLINE>49</FUNCLINE>
    <ADDITIONALINFO>
      <targetSymbol>CGasExchange::iter_Ci</targetSymbol>
    </ADDITIONALINFO>
    <PATH></PATH>
  </DEFECT>
  <DEFECT>
    <SFA>
      <FILEPATH>D:\Ryesim\Crop source\</FILEPATH>
      <FILENAME>gas_exchange.cpp</FILENAME>
      <LINE>49</LINE>
      <COLUMN>14</COLUMN>
    </SFA>
    <DEFECTCODE>26495</DEFECTCODE>
    <DESCRIPTION>Variable 'CGasExchange::iter2' is uninitialized. Always initialize a member variable (type.6).</DESCRIPTION>
    <FUNCTION>CGasExchange::{ctor}</FUNCTION>
    <DECORATED>??0CGasExchange@@QAE@ABUTGasExSpeciesParam@@@Z</DECORATED>
    <FUNCLINE>49</FUNCLINE>
    <ADDITIONALINFO>
      <targetSymbol>CGasExchange::iter2</targetSymbol>
    </ADDITIONALINFO>
    <PATH></PATH>
  </DEFECT>
  <DEFECT>
    <SFA>
      <FILEPATH>D:\Ryesim\Crop source\</FILEPATH>
      <FILENAME>gas_exchange.cpp</FILENAME>
      <LINE>49</LINE>
      <COLUMN>14</COLUMN>
    </SFA>
    <DEFECTCODE>26495</DEFECTCODE>
    <DESCRIPTION>Variable 'CGasExchange::iter1' is uninitialized. Always initialize a member variable (type.6).</DESCRIPTION>
    <FUNCTION>CGasExchange::{ctor}</FUNCTION>
    <DECORATED>??0CGasExchange@@QAE@ABUTGasExSpeciesParam@@@Z</DECORATED>
    <FUNCLINE>49</FUNCLINE>
    <ADDITIONALINFO>
      <targetSymbol>CGasExchange::iter1</targetSymbol>
    </ADDITIONALINFO>
    <PATH></PATH>
  </DEFECT>
  <DEFECT>
    <SFA>
      <FILEPATH>D:\Ryesim\Crop source\</FILEPATH>
      <FILENAME>gas_exchange.cpp</FILENAME>
      <LINE>49</LINE>
      <COLUMN>14</COLUMN>
    </SFA>
    <DEFECTCODE>26495</DEFECTCODE>
    <DESCRIPTION>Variable 'CGasExchange::iter_total' is uninitialized. Always initialize a member variable (type.6).</DESCRIPTION>
    <FUNCTION>CGasExchange::{ctor}</FUNCTION>
    <DECORATED>??0CGasExchange@@QAE@ABUTGasExSpeciesParam@@@Z</DECORATED>
    <FUNCLINE>49</FUNCLINE>
    <ADDITIONALINFO>
      <targetSymbol>CGasExchange::iter_total</targetSymbol>
    </ADDITIONALINFO>
    <PATH></PATH>
  </DEFECT>
  <DEFECT>
    <SFA>
      <FILEPATH>D:\Ryesim\Crop source\</FILEPATH>
      <FILENAME>gas_exchange.cpp</FILENAME>
      <LINE>49</LINE>
      <COLUMN>14</COLUMN>
    </SFA>
    <DEFECTCODE>26495</DEFECTCODE>
    <DESCRIPTION>Variable 'CGasExchange::Ci_Ca' is uninitialized. Always initialize a member variable (type.6).</DESCRIPTION>
    <FUNCTION>CGasExchange::{ctor}</FUNCTION>
    <DECORATED>??0CGasExchange@@QAE@ABUTGasExSpeciesParam@@@Z</DECORATED>
    <FUNCLINE>49</FUNCLINE>
    <ADDITIONALINFO>
      <targetSymbol>CGasExchange::Ci_Ca</targetSymbol>
    </ADDITIONALINFO>
    <PATH></PATH>
  </DEFECT>
  <DEFECT>
    <SFA>
      <FILEPATH>D:\Ryesim\Crop source\</FILEPATH>
      <FILENAME>gas_exchange.cpp</FILENAME>
      <LINE>49</LINE>
      <COLUMN>14</COLUMN>
    </SFA>
    <DEFECTCODE>26495</DEFECTCODE>
    <DESCRIPTION>Variable 'CGasExchange::leaf_age' is uninitialized. Always initialize a member variable (type.6).</DESCRIPTION>
    <FUNCTION>CGasExchange::{ctor}</FUNCTION>
    <DECORATED>??0CGasExchange@@QAE@ABUTGasExSpeciesParam@@@Z</DECORATED>
    <FUNCLINE>49</FUNCLINE>
    <ADDITIONALINFO>
      <targetSymbol>CGasExchange::leaf_age</targetSymbol>
    </ADDITIONALINFO>
    <PATH></PATH>
  </DEFECT>
  <DEFECT>
    <SFA>
      <FILEPATH>D:\Ryesim\Crop source\</FILEPATH>
      <FILENAME>gas_exchange.cpp</FILENAME>
      <LINE>49</LINE>
      <COLUMN>14</COLUMN>
    </SFA>
    <DEFECTCODE>26495</DEFECTCODE>
    <DESCRIPTION>Variable 'CGasExchange::psileaf_stress' is uninitialized. Always initialize a member variable (type.6).</DESCRIPTION>
    <FUNCTION>CGasExchange::{ctor}</FUNCTION>
    <DECORATED>??0CGasExchange@@QAE@ABUTGasExSpeciesParam@@@Z</DECORATED>
    <FUNCLINE>49</FUNCLINE>
    <ADDITIONALINFO>
      <targetSymbol>CGasExchange::psileaf_stress</targetSymbol>
    </ADDITIONALINFO>
    <PATH></PATH>
  </DEFECT>
  <DEFECT>
    <SFA>
      <FILEPATH>D:\Ryesim\Crop source\</FILEPATH>
      <FILENAME>gas_exchange.cpp</FILENAME>
      <LINE>49</LINE>
      <COLUMN>14</COLUMN>
    </SFA>
    <DEFECTCODE>26495</DEFECTCODE>
    <DESCRIPTION>Variable 'CGasExchange::psileaf' is uninitialized. Always initialize a member variable (type.6).</DESCRIPTION>
    <FUNCTION>CGasExchange::{ctor}</FUNCTION>
    <DECORATED>??0CGasExchange@@QAE@ABUTGasExSpeciesParam@@@Z</DECORATED>
    <FUNCLINE>49</FUNCLINE>
    <ADDITIONALINFO>
      <targetSymbol>CGasExchange::psileaf</targetSymbol>
    </ADDITIONALINFO>
    <PATH></PATH>
  </DEFECT>
  <DEFECT>
    <SFA>
      <FILEPATH>D:\Ryesim\Crop source\</FILEPATH>
      <FILENAME>gas_exchange.cpp</FILENAME>
      <LINE>49</LINE>
      <COLUMN>14</COLUMN>
    </SFA>
    <DEFECTCODE>26495</DEFECTCODE>
    <DESCRIPTION>Variable 'CGasExchange::Theta' is uninitialized. Always initialize a member variable (type.6).</DESCRIPTION>
    <FUNCTION>CGasExchange::{ctor}</FUNCTION>
    <DECORATED>??0CGasExchange@@QAE@ABUTGasExSpeciesParam@@@Z</DECORATED>
    <FUNCLINE>49</FUNCLINE>
    <ADDITIONALINFO>
      <targetSymbol>CGasExchange::Theta</targetSymbol>
    </ADDITIONALINFO>
    <PATH></PATH>
  </DEFECT>
  <DEFECT>
    <SFA>
      <FILEPATH>D:\Ryesim\Crop source\</FILEPATH>
      <FILENAME>gas_exchange.cpp</FILENAME>
      <LINE>49</LINE>
      <COLUMN>14</COLUMN>
    </SFA>
    <DEFECTCODE>26495</DEFECTCODE>
    <DESCRIPTION>Variable 'CGasExchange::Press' is uninitialized. Always initialize a member variable (type.6).</DESCRIPTION>
    <FUNCTION>CGasExchange::{ctor}</FUNCTION>
    <DECORATED>??0CGasExchange@@QAE@ABUTGasExSpeciesParam@@@Z</DECORATED>
    <FUNCLINE>49</FUNCLINE>
    <ADDITIONALINFO>
      <targetSymbol>CGasExchange::Press</targetSymbol>
    </ADDITIONALINFO>
    <PATH></PATH>
  </DEFECT>
  <DEFECT>
    <SFA>
      <FILEPATH>D:\Ryesim\Crop source\</FILEPATH>
      <FILENAME>gas_exchange.cpp</FILENAME>
      <LINE>49</LINE>
      <COLUMN>14</COLUMN>
    </SFA>
    <DEFECTCODE>26495</DEFECTCODE>
    <DESCRIPTION>Variable 'CGasExchange::width' is uninitialized. Always initialize a member variable (type.6).</DESCRIPTION>
    <FUNCTION>CGasExchange::{ctor}</FUNCTION>
    <DECORATED>??0CGasExchange@@QAE@ABUTGasExSpeciesParam@@@Z</DECORATED>
    <FUNCLINE>49</FUNCLINE>
    <ADDITIONALINFO>
      <targetSymbol>CGasExchange::width</targetSymbol>
    </ADDITIONALINFO>
    <PATH></PATH>
  </DEFECT>
  <DEFECT>
    <SFA>
      <FILEPATH>D:\Ryesim\Crop source\</FILEPATH>
      <FILENAME>gas_exchange.cpp</FILENAME>
      <LINE>49</LINE>
      <COLUMN>14</COLUMN>
    </SFA>
    <DEFECTCODE>26495</DEFECTCODE>
    <DESCRIPTION>Variable 'CGasExchange::wind' is uninitialized. Always initialize a member variable (type.6).</DESCRIPTION>
    <FUNCTION>CGasExchange::{ctor}</FUNCTION>
    <DECORATED>??0CGasExchange@@QAE@ABUTGasExSpeciesParam@@@Z</DECORATED>
    <FUNCLINE>49</FUNCLINE>
    <ADDITIONALINFO>
      <targetSymbol>CGasExchange::wind</targetSymbol>
    </ADDITIONALINFO>
    <PATH></PATH>
  </DEFECT>
  <DEFECT>
    <SFA>
      <FILEPATH>D:\Ryesim\Crop source\</FILEPATH>
      <FILENAME>gas_exchange.cpp</FILENAME>
      <LINE>49</LINE>
      <COLUMN>14</COLUMN>
    </SFA>
    <DEFECTCODE>26495</DEFECTCODE>
    <DESCRIPTION>Variable 'CGasExchange::RH' is uninitialized. Always initialize a member variable (type.6).</DESCRIPTION>
    <FUNCTION>CGasExchange::{ctor}</FUNCTION>
    <DECORATED>??0CGasExchange@@QAE@ABUTGasExSpeciesParam@@@Z</DECORATED>
    <FUNCLINE>49</FUNCLINE>
    <ADDITIONALINFO>
      <targetSymbol>CGasExchange::RH</targetSymbol>
    </ADDITIONALINFO>
    <PATH></PATH>
  </DEFECT>
  <DEFECT>
    <SFA>
      <FILEPATH>D:\Ryesim\Crop source\</FILEPATH>
      <FILENAME>gas_exchange.cpp</FILENAME>
      <LINE>49</LINE>
      <COLUMN>14</COLUMN>
    </SFA>
    <DEFECTCODE>26495</DEFECTCODE>
    <DESCRIPTION>Variable 'CGasExchange::CO2' is uninitialized. Always initialize a member variable (type.6).</DESCRIPTION>
    <FUNCTION>CGasExchange::{ctor}</FUNCTION>
    <DECORATED>??0CGasExchange@@QAE@ABUTGasExSpeciesParam@@@Z</DECORATED>
    <FUNCLINE>49</FUNCLINE>
    <ADDITIONALINFO>
      <targetSymbol>CGasExchange::CO2</targetSymbol>
    </ADDITIONALINFO>
    <PATH></PATH>
  </DEFECT>
  <DEFECT>
    <SFA>
      <FILEPATH>D:\Ryesim\Crop source\</FILEPATH>
      <FILENAME>gas_exchange.cpp</FILENAME>
      <LINE>49</LINE>
      <COLUMN>14</COLUMN>
    </SFA>
    <DEFECTCODE>26495</DEFECTCODE>
    <DESCRIPTION>Variable 'CGasExchange::Tair' is uninitialized. Always initialize a member variable (type.6).</DESCRIPTION>
    <FUNCTION>CGasExchange::{ctor}</FUNCTION>
    <DECORATED>??0CGasExchange@@QAE@ABUTGasExSpeciesParam@@@Z</DECORATED>
    <FUNCLINE>49</FUNCLINE>
    <ADDITIONALINFO>
      <targetSymbol>CGasExchange::Tair</targetSymbol>
    </ADDITIONALINFO>
    <PATH></PATH>
  </DEFECT>
  <DEFECT>
    <SFA>
      <FILEPATH>D:\Ryesim\Crop source\</FILEPATH>
      <FILENAME>gas_exchange.cpp</FILENAME>
      <LINE>49</LINE>
      <COLUMN>14</COLUMN>
    </SFA>
    <DEFECTCODE>26495</DEFECTCODE>
    <DESCRIPTION>Variable 'CGasExchange::R_abs' is uninitialized. Always initialize a member variable (type.6).</DESCRIPTION>
    <FUNCTION>CGasExchange::{ctor}</FUNCTION>
    <DECORATED>??0CGasExchange@@QAE@ABUTGasExSpeciesParam@@@Z</DECORATED>
    <FUNCLINE>49</FUNCLINE>
    <ADDITIONALINFO>
      <targetSymbol>CGasExchange::R_abs</targetSymbol>
    </ADDITIONALINFO>
    <PATH></PATH>
  </DEFECT>
  <DEFECT>
    <SFA>
      <FILEPATH>D:\Ryesim\Crop source\</FILEPATH>
      <FILENAME>gas_exchange.cpp</FILENAME>
      <LINE>49</LINE>
      <COLUMN>14</COLUMN>
    </SFA>
    <DEFECTCODE>26495</DEFECTCODE>
    <DESCRIPTION>Variable 'CGasExchange::PhotoFluxDensity' is uninitialized. Always initialize a member variable (type.6).</DESCRIPTION>
    <FUNCTION>CGasExchange::{ctor}</FUNCTION>
    <DECORATED>??0CGasExchange@@QAE@ABUTGasExSpeciesParam@@@Z</DECORATED>
    <FUNCLINE>49</FUNCLINE>
    <ADDITIONALINFO>
      <targetSymbol>CGasExchange::PhotoFluxDensity</targetSymbol>
    </ADDITIONALINFO>
    <PATH></PATH>
  </DEFECT>
  <DEFECT>
    <SFA>
      <FILEPATH>D:\Ryesim\Crop source\</FILEPATH>
      <FILENAME>gas_exchange.cpp</FILENAME>
      <LINE>49</LINE>
      <COLUMN>14</COLUMN>
    </SFA>
    <DEFECTCODE>26495</DEFECTCODE>
    <DESCRIPTION>Variable 'CGasExchange::temp' is uninitialized. Always initialize a member variable (type.6).</DESCRIPTION>
    <FUNCTION>CGasExchange::{ctor}</FUNCTION>
    <DECORATED>??0CGasExchange@@QAE@ABUTGasExSpeciesParam@@@Z</DECORATED>
    <FUNCLINE>49</FUNCLINE>
    <ADDITIONALINFO>
      <targetSymbol>CGasExchange::temp</targetSymbol>
    </ADDITIONALINFO>
    <PATH></PATH>
  </DEFECT>
  <DEFECT>
    <SFA>
      <FILEPATH>D:\Ryesim\Crop source\</FILEPATH>
      <FILENAME>gas_exchange.cpp</FILENAME>
      <LINE>49</LINE>
      <COLUMN>14</COLUMN>
    </SFA>
    <DEFECTCODE>26495</DEFECTCODE>
    <DESCRIPTION>Variable 'CGasExchange::VPD' is uninitialized. Always initialize a member variable (type.6).</DESCRIPTION>
    <FUNCTION>CGasExchange::{ctor}</FUNCTION>
    <DECORATED>??0CGasExchange@@QAE@ABUTGasExSpeciesParam@@@Z</DECORATED>
    <FUNCLINE>49</FUNCLINE>
    <ADDITIONALINFO>
      <targetSymbol>CGasExchange::VPD</targetSymbol>
    </ADDITIONALINFO>
    <PATH></PATH>
  </DEFECT>
  <DEFECT>
    <SFA>
      <FILEPATH>D:\Ryesim\Crop source\</FILEPATH>
      <FILENAME>gas_exchange.cpp</FILENAME>
      <LINE>49</LINE>
      <COLUMN>14</COLUMN>
    </SFA>
    <DEFECTCODE>26495</DEFECTCODE>
    <DESCRIPTION>Variable 'CGasExchange::Rdc' is uninitialized. Always initialize a member variable (type.6).</DESCRIPTION>
    <FUNCTION>CGasExchange::{ctor}</FUNCTION>
    <DECORATED>??0CGasExchange@@QAE@ABUTGasExSpeciesParam@@@Z</DECORATED>
    <FUNCLINE>49</FUNCLINE>
    <ADDITIONALINFO>
      <targetSymbol>CGasExchange::Rdc</targetSymbol>
    </ADDITIONALINFO>
    <PATH></PATH>
  </DEFECT>
  <DEFECT>
    <SFA>
      <FILEPATH>D:\Ryesim\Crop source\</FILEPATH>
      <FILENAME>gas_exchange.cpp</FILENAME>
      <LINE>49</LINE>
      <COLUMN>14</COLUMN>
    </SFA>
    <DEFECTCODE>26495</DEFECTCODE>
    <DESCRIPTION>Variable 'CGasExchange::gb' is uninitialized. Always initialize a member variable (type.6).</DESCRIPTION>
    <FUNCTION>CGasExchange::{ctor}</FUNCTION>
    <DECORATED>??0CGasExchange@@QAE@ABUTGasExSpeciesParam@@@Z</DECORATED>
    <FUNCLINE>49</FUNCLINE>
    <ADDITIONALINFO>
      <targetSymbol>CGasExchange::gb</targetSymbol>
    </ADDITIONALINFO>
    <PATH></PATH>
  </DEFECT>
  <DEFECT>
    <SFA>
      <FILEPATH>D:\Ryesim\Crop source\</FILEPATH>
      <FILENAME>gas_exchange.cpp</FILENAME>
      <LINE>49</LINE>
      <COLUMN>14</COLUMN>
    </SFA>
    <DEFECTCODE>26495</DEFECTCODE>
    <DESCRIPTION>Variable 'CGasExchange::gs' is uninitialized. Always initialize a member variable (type.6).</DESCRIPTION>
    <FUNCTION>CGasExchange::{ctor}</FUNCTION>
    <DECORATED>??0CGasExchange@@QAE@ABUTGasExSpeciesParam@@@Z</DECORATED>
    <FUNCLINE>49</FUNCLINE>
    <ADDITIONALINFO>
      <targetSymbol>CGasExchange::gs</targetSymbol>
    </ADDITIONALINFO>
    <PATH></PATH>
  </DEFECT>
  <DEFECT>
    <SFA>
      <FILEPATH>D:\Ryesim\Crop source\</FILEPATH>
      <FILENAME>gas_exchange.cpp</FILENAME>
      <LINE>49</LINE>
      <COLUMN>14</COLUMN>
    </SFA>
    <DEFECTCODE>26495</DEFECTCODE>
    <DESCRIPTION>Variable 'CGasExchange::Ci' is uninitialized. Always initialize a member variable (type.6).</DESCRIPTION>
    <FUNCTION>CGasExchange::{ctor}</FUNCTION>
    <DECORATED>??0CGasExchange@@QAE@ABUTGasExSpeciesParam@@@Z</DECORATED>
    <FUNCLINE>49</FUNCLINE>
    <ADDITIONALINFO>
      <targetSymbol>CGasExchange::Ci</targetSymbol>
    </ADDITIONALINFO>
    <PATH></PATH>
  </DEFECT>
  <DEFECT>
    <SFA>
      <FILEPATH>D:\Ryesim\Crop source\</FILEPATH>
      <FILENAME>gas_exchange.cpp</FILENAME>
      <LINE>49</LINE>
      <COLUMN>14</COLUMN>
    </SFA>
    <DEFECTCODE>26495</DEFECTCODE>
    <DESCRIPTION>Variable 'CGasExchange::Tleaf' is uninitialized. Always initialize a member variable (type.6).</DESCRIPTION>
    <FUNCTION>CGasExchange::{ctor}</FUNCTION>
    <DECORATED>??0CGasExchange@@QAE@ABUTGasExSpeciesParam@@@Z</DECORATED>
    <FUNCLINE>49</FUNCLINE>
    <ADDITIONALINFO>
      <targetSymbol>CGasExchange::Tleaf</targetSymbol>
    </ADDITIONALINFO>
    <PATH></PATH>
  </DEFECT>
  <DEFECT>
    <SFA>
      <FILEPATH>D:\Ryesim\Crop source\</FILEPATH>
      <FILENAME>gas_exchange.cpp</FILENAME>
      <LINE>49</LINE>
      <COLUMN>14</COLUMN>
    </SFA>
    <DEFECTCODE>26495</DEFECTCODE>
    <DESCRIPTION>Variable 'CGasExchange::A_net' is uninitialized. Always initialize a member variable (type.6).</DESCRIPTION>
    <FUNCTION>CGasExchange::{ctor}</FUNCTION>
    <DECORATED>??0CGasExchange@@QAE@ABUTGasExSpeciesParam@@@Z</DECORATED>
    <FUNCLINE>49</FUNCLINE>
    <ADDITIONALINFO>
      <targetSymbol>CGasExchange::A_net</targetSymbol>
    </ADDITIONALINFO>
    <PATH></PATH>
  </DEFECT>
  <DEFECT>
    <SFA>
      <FILEPATH>D:\Ryesim\Crop source\</FILEPATH>
      <FILENAME>gas_exchange.cpp</FILENAME>
      <LINE>49</LINE>
      <COLUMN>14</COLUMN>
    </SFA>
    <DEFECTCODE>26495</DEFECTCODE>
    <DESCRIPTION>Variable 'CGasExchange::ET' is uninitialized. Always initialize a member variable (type.6).</DESCRIPTION>
    <FUNCTION>CGasExchange::{ctor}</FUNCTION>
    <DECORATED>??0CGasExchange@@QAE@ABUTGasExSpeciesParam@@@Z</DECORATED>
    <FUNCLINE>49</FUNCLINE>
    <ADDITIONALINFO>
      <targetSymbol>CGasExchange::ET</targetSymbol>
    </ADDITIONALINFO>
    <PATH></PATH>
  </DEFECT>
  <DEFECT>
    <SFA>
      <FILEPATH>D:\Ryesim\Crop source\</FILEPATH>
      <FILENAME>gas_exchange.cpp</FILENAME>
      <LINE>49</LINE>
      <COLUMN>14</COLUMN>
    </SFA>
    <DEFECTCODE>26495</DEFECTCODE>
    <DESCRIPTION>Variable 'CGasExchange::A_gross' is uninitialized. Always initialize a member variable (type.6).</DESCRIPTION>
    <FUNCTION>CGasExchange::{ctor}</FUNCTION>
    <DECORATED>??0CGasExchange@@QAE@ABUTGasExSpeciesParam@@@Z</DECORATED>
    <FUNCLINE>49</FUNCLINE>
    <ADDITIONALINFO>
      <targetSymbol>CGasExchange::A_gross</targetSymbol>
    </ADDITIONALINFO>
    <PATH></PATH>
  </DEFECT>
  <DEFECT>
    <SFA>
      <FILEPATH>D:\Ryesim\Crop source\</FILEPATH>
      <FILENAME>gas_exchange.cpp</FILENAME>
      <LINE>203</LINE>
      <COLUMN>9</COLUMN>
    </SFA>
    <DEFECTCODE>26812</DEFECTCODE>
    <DESCRIPTION>The enum type 'CGasExchange::gsModel' is unscoped. Prefer 'enum class' over 'enum' (Enum.3).</DESCRIPTION>
    <FUNCTION>CGasExchange::gsw</FUNCTION>
    <DECORATED>?gsw@CGasExchange@@AAENNUTInitInfo@@@Z</DECORATED>
    <FUNCLINE>188</FUNCLINE>
    <PATH></PATH>
  </DEFECT>
</DEFECTS>