<?xml version="1.0" encoding="UTF-8"?>
<DEFECTS>
  <DEFECT>
    <SFA>
      <FILEPATH>D:\Ryesim\Crop source\</FILEPATH>
      <FILENAME>initinfo.h</FILENAME>
      <LINE>14</LINE>
      <COLUMN>1</COLUMN>
    </SFA>
    <DEFECTCODE>26495</DEFECTCODE>
    <DESCRIPTION>Variable 'TInitInfo::description' is uninitialized. Always initialize a member variable (type.6).</DESCRIPTION>
    <FUNCTION>TInitInfo::{ctor}</FUNCTION>
    <DECORATED>??0TInitInfo@@QAE@XZ</DECORATED>
    <FUNCLINE>14</FUNCLINE>
    <ADDITIONALINFO>
      <targetSymbol>TInitInfo::description</targetSymbol>
    </ADDITIONALINFO>
    <PATH></PATH>
  </DEFECT>
  <DEFECT>
    <SFA>
      <FILEPATH>D:\Ryesim\Crop source\</FILEPATH>
      <FILENAME>initinfo.h</FILENAME>
      <LINE>14</LINE>
      <COLUMN>1</COLUMN>
    </SFA>
    <DEFECTCODE>26495</DEFECTCODE>
    <DESCRIPTION>Variable 'TInitInfo::cultivar' is uninitialized. Always initialize a member variable (type.6).</DESCRIPTION>
    <FUNCTION>TInitInfo::{ctor}</FUNCTION>
    <DECORATED>??0TInitInfo@@QAE@XZ</DECORATED>
    <FUNCLINE>14</FUNCLINE>
    <ADDITIONALINFO>
      <targetSymbol>TInitInfo::cultivar</targetSymbol>
    </ADDITIONALINFO>
    <PATH></PATH>
  </DEFECT>
</DEFECTS>