<?xml version="1.0" encoding="UTF-8"?>
<DEFECTS>
  <DEFECT>
    <SFA>
      <FILEPATH>D:\Ryesim\Crop source\</FILEPATH>
      <FILENAME>radtrans.cpp</FILENAME>
      <LINE>37</LINE>
      <COLUMN>11</COLUMN>
    </SFA>
    <DEFECTCODE>26812</DEFECTCODE>
    <DESCRIPTION>The enum type 'CRadTrans::CLeafAngle' is unscoped. Prefer 'enum class' over 'enum' (Enum.3).</DESCRIPTION>
    <FUNCTION>CRadTrans::{ctor}</FUNCTION>
    <DECORATED>??0CRadTrans@@QAE@XZ</DECORATED>
    <FUNCLINE>32</FUNCLINE>
    <PATH></PATH>
  </DEFECT>
</DEFECTS>