<?xml version="1.0" encoding="UTF-8"?>
<DEFECTS>
  <DEFECT>
    <SFA>
      <FILEPATH>D:\Ryesim\Crop source\</FILEPATH>
      <FILENAME>initinfo.h</FILENAME>
      <LINE>14</LINE>
      <COLUMN>1</COLUMN>
    </SFA>
    <DEFECTCODE>26495</DEFECTCODE>
    <DESCRIPTION>Variable 'TInitInfo::description' is uninitialized. Always initialize a member variable (type.6).</DESCRIPTION>
    <FUNCTION>TInitInfo::{ctor}</FUNCTION>
    <DECORATED>??0TInitInfo@@QAE@XZ</DECORATED>
    <FUNCLINE>14</FUNCLINE>
    <ADDITIONALINFO>
      <targetSymbol>TInitInfo::description</targetSymbol>
    </ADDITIONALINFO>
    <PATH></PATH>
  </DEFECT>
  <DEFECT>
    <SFA>
      <FILEPATH>D:\Ryesim\Crop source\</FILEPATH>
      <FILENAME>initinfo.h</FILENAME>
      <LINE>14</LINE>
      <COLUMN>1</COLUMN>
    </SFA>
    <DEFECTCODE>26495</DEFECTCODE>
    <DESCRIPTION>Variable 'TInitInfo::cultivar' is uninitialized. Always initialize a member variable (type.6).</DESCRIPTION>
    <FUNCTION>TInitInfo::{ctor}</FUNCTION>
    <DECORATED>??0TInitInfo@@QAE@XZ</DECORATED>
    <FUNCLINE>14</FUNCLINE>
    <ADDITIONALINFO>
      <targetSymbol>TInitInfo::cultivar</targetSymbol>
    </ADDITIONALINFO>
    <PATH></PATH>
  </DEFECT>
  <DEFECT>
    <SFA>
      <FILEPATH>D:\Ryesim\Crop source\</FILEPATH>
      <FILENAME>weather.h</FILENAME>
      <LINE>8</LINE>
      <COLUMN>1</COLUMN>
    </SFA>
    <DEFECTCODE>26495</DEFECTCODE>
    <DESCRIPTION>Variable 'TWeather::pcrs' is uninitialized. Always initialize a member variable (type.6).</DESCRIPTION>
    <FUNCTION>TWeather::{ctor}</FUNCTION>
    <DECORATED>??0TWeather@@QAE@XZ</DECORATED>
    <FUNCLINE>8</FUNCLINE>
    <ADDITIONALINFO>
      <targetSymbol>TWeather::pcrs</targetSymbol>
    </ADDITIONALINFO>
    <PATH></PATH>
  </DEFECT>
  <DEFECT>
    <SFA>
      <FILEPATH>D:\Ryesim\Crop source\</FILEPATH>
      <FILENAME>weather.h</FILENAME>
      <LINE>8</LINE>
      <COLUMN>1</COLUMN>
    </SFA>
    <DEFECTCODE>26495</DEFECTCODE>
    <DESCRIPTION>Variable 'TWeather::pcrl' is uninitialized. Always initialize a member variable (type.6).</DESCRIPTION>
    <FUNCTION>TWeather::{ctor}</FUNCTION>
    <DECORATED>??0TWeather@@QAE@XZ</DECORATED>
    <FUNCLINE>8</FUNCLINE>
    <ADDITIONALINFO>
      <targetSymbol>TWeather::pcrl</targetSymbol>
    </ADDITIONALINFO>
    <PATH></PATH>
  </DEFECT>
  <DEFECT>
    <SFA>
      <FILEPATH>D:\Ryesim\Crop source\</FILEPATH>
      <FILENAME>weather.h</FILENAME>
      <LINE>8</LINE>
      <COLUMN>1</COLUMN>
    </SFA>
    <DEFECTCODE>26495</DEFECTCODE>
    <DESCRIPTION>Variable 'TWeather::TotalRootWeight' is uninitialized. Always initialize a member variable (type.6).</DESCRIPTION>
    <FUNCTION>TWeather::{ctor}</FUNCTION>
    <DECORATED>??0TWeather@@QAE@XZ</DECORATED>
    <FUNCLINE>8</FUNCLINE>
    <ADDITIONALINFO>
      <targetSymbol>TWeather::TotalRootWeight</targetSymbol>
    </ADDITIONALINFO>
    <PATH></PATH>
  </DEFECT>
  <DEFECT>
    <SFA>
      <FILEPATH>D:\Ryesim\Crop source\</FILEPATH>
      <FILENAME>weather.h</FILENAME>
      <LINE>8</LINE>
      <COLUMN>1</COLUMN>
    </SFA>
    <DEFECTCODE>26495</DEFECTCODE>
    <DESCRIPTION>Variable 'TWeather::pcrq' is uninitialized. Always initialize a member variable (type.6).</DESCRIPTION>
    <FUNCTION>TWeather::{ctor}</FUNCTION>
    <DECORATED>??0TWeather@@QAE@XZ</DECORATED>
    <FUNCLINE>8</FUNCLINE>
    <ADDITIONALINFO>
      <targetSymbol>TWeather::pcrq</targetSymbol>
    </ADDITIONALINFO>
    <PATH></PATH>
  </DEFECT>
  <DEFECT>
    <SFA>
      <FILEPATH>D:\Ryesim\Crop source\</FILEPATH>
      <FILENAME>weather.h</FILENAME>
      <LINE>8</LINE>
      <COLUMN>1</COLUMN>
    </SFA>
    <DEFECTCODE>26495</DEFECTCODE>
    <DESCRIPTION>Variable 'TWeather::ET_supply' is uninitialized. Always initialize a member variable (type.6).</DESCRIPTION>
    <FUNCTION>TWeather::{ctor}</FUNCTION>
    <DECORATED>??0TWeather@@QAE@XZ</DECORATED>
    <FUNCLINE>8</FUNCLINE>
    <ADDITIONALINFO>
      <targetSymbol>TWeather::ET_supply</targetSymbol>
    </ADDITIONALINFO>
    <PATH></PATH>
  </DEFECT>
  <DEFECT>
    <SFA>
      <FILEPATH>D:\Ryesim\Crop source\</FILEPATH>
      <FILENAME>weather.h</FILENAME>
      <LINE>8</LINE>
      <COLUMN>1</COLUMN>
    </SFA>
    <DEFECTCODE>26495</DEFECTCODE>
    <DESCRIPTION>Variable 'TWeather::MaxRootDepth' is uninitialized. Always initialize a member variable (type.6).</DESCRIPTION>
    <FUNCTION>TWeather::{ctor}</FUNCTION>
    <DECORATED>??0TWeather@@QAE@XZ</DECORATED>
    <FUNCLINE>8</FUNCLINE>
    <ADDITIONALINFO>
      <targetSymbol>TWeather::MaxRootDepth</targetSymbol>
    </ADDITIONALINFO>
    <PATH></PATH>
  </DEFECT>
  <DEFECT>
    <SFA>
      <FILEPATH>D:\Ryesim\Crop source\</FILEPATH>
      <FILENAME>weather.h</FILENAME>
      <LINE>8</LINE>
      <COLUMN>1</COLUMN>
    </SFA>
    <DEFECTCODE>26495</DEFECTCODE>
    <DESCRIPTION>Variable 'TWeather::ThetaAvail' is uninitialized. Always initialize a member variable (type.6).</DESCRIPTION>
    <FUNCTION>TWeather::{ctor}</FUNCTION>
    <DECORATED>??0TWeather@@QAE@XZ</DECORATED>
    <FUNCLINE>8</FUNCLINE>
    <ADDITIONALINFO>
      <targetSymbol>TWeather::ThetaAvail</targetSymbol>
    </ADDITIONALINFO>
    <PATH></PATH>
  </DEFECT>
  <DEFECT>
    <SFA>
      <FILEPATH>D:\Ryesim\Crop source\</FILEPATH>
      <FILENAME>weather.h</FILENAME>
      <LINE>8</LINE>
      <COLUMN>1</COLUMN>
    </SFA>
    <DEFECTCODE>26495</DEFECTCODE>
    <DESCRIPTION>Variable 'TWeather::DailyOutput' is uninitialized. Always initialize a member variable (type.6).</DESCRIPTION>
    <FUNCTION>TWeather::{ctor}</FUNCTION>
    <DECORATED>??0TWeather@@QAE@XZ</DECORATED>
    <FUNCLINE>8</FUNCLINE>
    <ADDITIONALINFO>
      <targetSymbol>TWeather::DailyOutput</targetSymbol>
    </ADDITIONALINFO>
    <PATH></PATH>
  </DEFECT>
  <DEFECT>
    <SFA>
      <FILEPATH>D:\Ryesim\Crop source\</FILEPATH>
      <FILENAME>weather.h</FILENAME>
      <LINE>8</LINE>
      <COLUMN>1</COLUMN>
    </SFA>
    <DEFECTCODE>26495</DEFECTCODE>
    <DESCRIPTION>Variable 'TWeather::HourlyOutput' is uninitialized. Always initialize a member variable (type.6).</DESCRIPTION>
    <FUNCTION>TWeather::{ctor}</FUNCTION>
    <DECORATED>??0TWeather@@QAE@XZ</DECORATED>
    <FUNCLINE>8</FUNCLINE>
    <ADDITIONALINFO>
      <targetSymbol>TWeather::HourlyOutput</targetSymbol>
    </ADDITIONALINFO>
    <PATH></PATH>
  </DEFECT>
</DEFECTS>