<?xml version="1.0" encoding="UTF-8"?>
<DEFECTS>
  <DEFECT>
    <SFA>
      <FILEPATH>D:\Ryesim\Crop source\</FILEPATH>
      <FILENAME>weather.h</FILENAME>
      <LINE>8</LINE>
      <COLUMN>1</COLUMN>
    </SFA>
    <DEFECTCODE>26495</DEFECTCODE>
    <DESCRIPTION>Variable 'TWeather::ThetaAvail' is uninitialized. Always initialize a member variable (type.6).</DESCRIPTION>
    <FUNCTION>TWeather::{ctor}</FUNCTION>
    <DECORATED>??0TWeather@@QAE@XZ</DECORATED>
    <FUNCLINE>8</FUNCLINE>
    <ADDITIONALINFO>
      <targetSymbol>TWeather::ThetaAvail</targetSymbol>
    </ADDITIONALINFO>
    <PATH></PATH>
  </DEFECT>
  <DEFECT>
    <SFA>
      <FILEPATH>D:\Ryesim\Crop source\</FILEPATH>
      <FILENAME>weather.h</FILENAME>
      <LINE>8</LINE>
      <COLUMN>1</COLUMN>
    </SFA>
    <DEFECTCODE>26495</DEFECTCODE>
    <DESCRIPTION>Variable 'TWeather::pcrs' is uninitialized. Always initialize a member variable (type.6).</DESCRIPTION>
    <FUNCTION>TWeather::{ctor}</FUNCTION>
    <DECORATED>??0TWeather@@QAE@XZ</DECORATED>
    <FUNCLINE>8</FUNCLINE>
    <ADDITIONALINFO>
      <targetSymbol>TWeather::pcrs</targetSymbol>
    </ADDITIONALINFO>
    <PATH></PATH>
  </DEFECT>
  <DEFECT>
    <SFA>
      <FILEPATH>D:\Ryesim\Crop source\</FILEPATH>
      <FILENAME>weather.h</FILENAME>
      <LINE>8</LINE>
      <COLUMN>1</COLUMN>
    </SFA>
    <DEFECTCODE>26495</DEFECTCODE>
    <DESCRIPTION>Variable 'TWeather::pcrq' is uninitialized. Always initialize a member variable (type.6).</DESCRIPTION>
    <FUNCTION>TWeather::{ctor}</FUNCTION>
    <DECORATED>??0TWeather@@QAE@XZ</DECORATED>
    <FUNCLINE>8</FUNCLINE>
    <ADDITIONALINFO>
      <targetSymbol>TWeather::pcrq</targetSymbol>
    </ADDITIONALINFO>
    <PATH></PATH>
  </DEFECT>
  <DEFECT>
    <SFA>
      <FILEPATH>D:\Ryesim\Crop source\</FILEPATH>
      <FILENAME>weather.h</FILENAME>
      <LINE>8</LINE>
      <COLUMN>1</COLUMN>
    </SFA>
    <DEFECTCODE>26495</DEFECTCODE>
    <DESCRIPTION>Variable 'TWeather::MaxRootDepth' is uninitialized. Always initialize a member variable (type.6).</DESCRIPTION>
    <FUNCTION>TWeather::{ctor}</FUNCTION>
    <DECORATED>??0TWeather@@QAE@XZ</DECORATED>
    <FUNCLINE>8</FUNCLINE>
    <ADDITIONALINFO>
      <targetSymbol>TWeather::MaxRootDepth</targetSymbol>
    </ADDITIONALINFO>
    <PATH></PATH>
  </DEFECT>
  <DEFECT>
    <SFA>
      <FILEPATH>D:\Ryesim\Crop source\</FILEPATH>
      <FILENAME>weather.h</FILENAME>
      <LINE>8</LINE>
      <COLUMN>1</COLUMN>
    </SFA>
    <DEFECTCODE>26495</DEFECTCODE>
    <DESCRIPTION>Variable 'TWeather::TotalRootWeight' is uninitialized. Always initialize a member variable (type.6).</DESCRIPTION>
    <FUNCTION>TWeather::{ctor}</FUNCTION>
    <DECORATED>??0TWeather@@QAE@XZ</DECORATED>
    <FUNCLINE>8</FUNCLINE>
    <ADDITIONALINFO>
      <targetSymbol>TWeather::TotalRootWeight</targetSymbol>
    </ADDITIONALINFO>
    <PATH></PATH>
  </DEFECT>
  <DEFECT>
    <SFA>
      <FILEPATH>D:\Ryesim\Crop source\</FILEPATH>
      <FILENAME>weather.h</FILENAME>
      <LINE>8</LINE>
      <COLUMN>1</COLUMN>
    </SFA>
    <DEFECTCODE>26495</DEFECTCODE>
    <DESCRIPTION>Variable 'TWeather::pcrl' is uninitialized. Always initialize a member variable (type.6).</DESCRIPTION>
    <FUNCTION>TWeather::{ctor}</FUNCTION>
    <DECORATED>??0TWeather@@QAE@XZ</DECORATED>
    <FUNCLINE>8</FUNCLINE>
    <ADDITIONALINFO>
      <targetSymbol>TWeather::pcrl</targetSymbol>
    </ADDITIONALINFO>
    <PATH></PATH>
  </DEFECT>
  <DEFECT>
    <SFA>
      <FILEPATH>D:\Ryesim\Crop source\</FILEPATH>
      <FILENAME>weather.h</FILENAME>
      <LINE>8</LINE>
      <COLUMN>1</COLUMN>
    </SFA>
    <DEFECTCODE>26495</DEFECTCODE>
    <DESCRIPTION>Variable 'TWeather::DailyOutput' is uninitialized. Always initialize a member variable (type.6).</DESCRIPTION>
    <FUNCTION>TWeather::{ctor}</FUNCTION>
    <DECORATED>??0TWeather@@QAE@XZ</DECORATED>
    <FUNCLINE>8</FUNCLINE>
    <ADDITIONALINFO>
      <targetSymbol>TWeather::DailyOutput</targetSymbol>
    </ADDITIONALINFO>
    <PATH></PATH>
  </DEFECT>
  <DEFECT>
    <SFA>
      <FILEPATH>D:\Ryesim\Crop source\</FILEPATH>
      <FILENAME>weather.h</FILENAME>
      <LINE>8</LINE>
      <COLUMN>1</COLUMN>
    </SFA>
    <DEFECTCODE>26495</DEFECTCODE>
    <DESCRIPTION>Variable 'TWeather::HourlyOutput' is uninitialized. Always initialize a member variable (type.6).</DESCRIPTION>
    <FUNCTION>TWeather::{ctor}</FUNCTION>
    <DECORATED>??0TWeather@@QAE@XZ</DECORATED>
    <FUNCLINE>8</FUNCLINE>
    <ADDITIONALINFO>
      <targetSymbol>TWeather::HourlyOutput</targetSymbol>
    </ADDITIONALINFO>
    <PATH></PATH>
  </DEFECT>
  <DEFECT>
    <SFA>
      <FILEPATH>D:\Ryesim\Crop source\</FILEPATH>
      <FILENAME>weather.h</FILENAME>
      <LINE>8</LINE>
      <COLUMN>1</COLUMN>
    </SFA>
    <DEFECTCODE>26495</DEFECTCODE>
    <DESCRIPTION>Variable 'TWeather::ET_supply' is uninitialized. Always initialize a member variable (type.6).</DESCRIPTION>
    <FUNCTION>TWeather::{ctor}</FUNCTION>
    <DECORATED>??0TWeather@@QAE@XZ</DECORATED>
    <FUNCLINE>8</FUNCLINE>
    <ADDITIONALINFO>
      <targetSymbol>TWeather::ET_supply</targetSymbol>
    </ADDITIONALINFO>
    <PATH></PATH>
  </DEFECT>
  <DEFECT>
    <SFA>
      <FILEPATH>D:\Ryesim\Crop source\</FILEPATH>
      <FILENAME>initinfo.h</FILENAME>
      <LINE>14</LINE>
      <COLUMN>1</COLUMN>
    </SFA>
    <DEFECTCODE>26495</DEFECTCODE>
    <DESCRIPTION>Variable 'TInitInfo::cultivar' is uninitialized. Always initialize a member variable (type.6).</DESCRIPTION>
    <FUNCTION>TInitInfo::{ctor}</FUNCTION>
    <DECORATED>??0TInitInfo@@QAE@XZ</DECORATED>
    <FUNCLINE>14</FUNCLINE>
    <ADDITIONALINFO>
      <targetSymbol>TInitInfo::cultivar</targetSymbol>
    </ADDITIONALINFO>
    <PATH></PATH>
  </DEFECT>
  <DEFECT>
    <SFA>
      <FILEPATH>D:\Ryesim\Crop source\</FILEPATH>
      <FILENAME>initinfo.h</FILENAME>
      <LINE>14</LINE>
      <COLUMN>1</COLUMN>
    </SFA>
    <DEFECTCODE>26495</DEFECTCODE>
    <DESCRIPTION>Variable 'TInitInfo::description' is uninitialized. Always initialize a member variable (type.6).</DESCRIPTION>
    <FUNCTION>TInitInfo::{ctor}</FUNCTION>
    <DECORATED>??0TInitInfo@@QAE@XZ</DECORATED>
    <FUNCLINE>14</FUNCLINE>
    <ADDITIONALINFO>
      <targetSymbol>TInitInfo::description</targetSymbol>
    </ADDITIONALINFO>
    <PATH></PATH>
  </DEFECT>
  <DEFECT>
    <SFA>
      <FILEPATH>D:\Ryesim\Crop source\</FILEPATH>
      <FILENAME>RyeController.cpp</FILENAME>
      <LINE>44</LINE>
      <COLUMN>9</COLUMN>
    </SFA>
    <DEFECTCODE>6387</DEFECTCODE>
    <DESCRIPTION>'temp' could be '0'.</DESCRIPTION>
    <FUNCTION>RyeController::{ctor}</FUNCTION>
    <DECORATED>??0RyeController@@QAE@PBD00UTInitInfo@@@Z</DECORATED>
    <FUNCLINE>25</FUNCLINE>
    <PROBABILITY>1</PROBABILITY>
    <RANK>4</RANK>
    <CATEGORY>
      <RULECATEGORY>mspft</RULECATEGORY>
    </CATEGORY>
    <PATH>
      <SFA>
        <FILEPATH>D:\Ryesim\Crop source\</FILEPATH>
        <FILENAME>RyeController.cpp</FILENAME>
        <LINE>26</LINE>
        <COLUMN>0</COLUMN>
      </SFA>
      <SFA>
        <FILEPATH>D:\Ryesim\Crop source\</FILEPATH>
        <FILENAME>RyeController.cpp</FILENAME>
        <LINE>27</LINE>
        <COLUMN>6</COLUMN>
      </SFA>
      <SFA>
        <FILEPATH>D:\Ryesim\Crop source\</FILEPATH>
        <FILENAME>RyeController.cpp</FILENAME>
        <LINE>28</LINE>
        <COLUMN>9</COLUMN>
      </SFA>
      <SFA>
        <FILEPATH>D:\Ryesim\Crop source\</FILEPATH>
        <FILENAME>RyeController.cpp</FILENAME>
        <LINE>29</LINE>
        <COLUMN>10</COLUMN>
      </SFA>
      <SFA>
        <FILEPATH>D:\Ryesim\Crop source\</FILEPATH>
        <FILENAME>RyeController.cpp</FILENAME>
        <LINE>31</LINE>
        <COLUMN>7</COLUMN>
      </SFA>
      <SFA>
        <FILEPATH>D:\Ryesim\Crop source\</FILEPATH>
        <FILENAME>RyeController.cpp</FILENAME>
        <LINE>32</LINE>
        <COLUMN>7</COLUMN>
      </SFA>
      <SFA>
        <FILEPATH>D:\Ryesim\Crop source\</FILEPATH>
        <FILENAME>RyeController.cpp</FILENAME>
        <LINE>33</LINE>
        <COLUMN>7</COLUMN>
      </SFA>
      <SFA>
        <FILEPATH>D:\Ryesim\Crop source\</FILEPATH>
        <FILENAME>RyeController.cpp</FILENAME>
        <LINE>34</LINE>
        <COLUMN>7</COLUMN>
        <KEYEVENT>
          <ID>1</ID>
          <KIND>declaration</KIND>
          <IMPORTANCE>Essential</IMPORTANCE>
          <MESSAGE>'temp' may be NULL</MESSAGE>
        </KEYEVENT>
      </SFA>
      <SFA>
        <FILEPATH>D:\Ryesim\Crop source\</FILEPATH>
        <FILENAME>RyeController.cpp</FILENAME>
        <LINE>38</LINE>
        <COLUMN>9</COLUMN>
      </SFA>
      <SFA>
        <FILEPATH>D:\Ryesim\Crop source\</FILEPATH>
        <FILENAME>RyeController.cpp</FILENAME>
        <LINE>41</LINE>
        <COLUMN>9</COLUMN>
      </SFA>
      <SFA>
        <FILEPATH>D:\Ryesim\Crop source\</FILEPATH>
        <FILENAME>RyeController.cpp</FILENAME>
        <LINE>44</LINE>
        <COLUMN>9</COLUMN>
        <KEYEVENT>
          <ID>2</ID>
          <KIND>declaration</KIND>
          <IMPORTANCE>Full</IMPORTANCE>
          <MESSAGE>'temp' is an In/Out argument to 'strcpy_s' (declared at c:\program files (x86)\windows kits\10\include\10.0.19041.0\ucrt\string.h:32)</MESSAGE>
        </KEYEVENT>
      </SFA>
      <SFA>
        <FILEPATH>D:\Ryesim\Crop source\</FILEPATH>
        <FILENAME>RyeController.cpp</FILENAME>
        <LINE>44</LINE>
        <COLUMN>9</COLUMN>
        <KEYEVENT>
          <ID>3</ID>
          <KIND>usage</KIND>
          <IMPORTANCE>Essential</IMPORTANCE>
          <MESSAGE>'temp' should not be NULL, because this is not consistent with the SAL annotation on 'strcpy_s'</MESSAGE>
        </KEYEVENT>
      </SFA>
    </PATH>
  </DEFECT>
  <DEFECT>
    <SFA>
      <FILEPATH>D:\Ryesim\Crop source\</FILEPATH>
      <FILENAME>RyeController.cpp</FILENAME>
      <LINE>196</LINE>
      <COLUMN>57</COLUMN>
    </SFA>
    <DEFECTCODE>26451</DEFECTCODE>
    <DESCRIPTION>Arithmetic overflow: Using operator '*' on a 4 byte value and then casting the result to a 8 byte value. Cast the value to the wider type before calling operator '*' to avoid overflow (io.2).</DESCRIPTION>
    <FUNCTION>RyeController::initialize</FUNCTION>
    <DECORATED>?initialize@RyeController@@QAEXXZ</DECORATED>
    <FUNCLINE>101</FUNCLINE>
    <PATH></PATH>
  </DEFECT>
</DEFECTS>