<?xml version="1.0" encoding="UTF-8"?>
<DEFECTS>
  <DEFECT>
    <SFA>
      <FILEPATH>D:\Ryesim\Crop source\</FILEPATH>
      <FILENAME>timer.cpp</FILENAME>
      <LINE>101</LINE>
      <COLUMN>29</COLUMN>
    </SFA>
    <DEFECTCODE>26451</DEFECTCODE>
    <DESCRIPTION>Arithmetic overflow: Using operator '-' on a 4 byte value and then casting the result to a 8 byte value. Cast the value to the wider type before calling operator '-' to avoid overflow (io.2).</DESCRIPTION>
    <FUNCTION>Timer::caldat</FUNCTION>
    <DECORATED>?caldat@Timer@@QAEXHAAH00@Z</DECORATED>
    <FUNCLINE>93</FUNCLINE>
    <PATH></PATH>
  </DEFECT>
  <DEFECT>
    <SFA>
      <FILEPATH>D:\Ryesim\Crop source\</FILEPATH>
      <FILENAME>timer.cpp</FILENAME>
      <LINE>108</LINE>
      <COLUMN>27</COLUMN>
    </SFA>
    <DEFECTCODE>26451</DEFECTCODE>
    <DESCRIPTION>Arithmetic overflow: Using operator '-' on a 4 byte value and then casting the result to a 8 byte value. Cast the value to the wider type before calling operator '-' to avoid overflow (io.2).</DESCRIPTION>
    <FUNCTION>Timer::caldat</FUNCTION>
    <DECORATED>?caldat@Timer@@QAEXHAAH00@Z</DECORATED>
    <FUNCLINE>93</FUNCLINE>
    <PATH></PATH>
  </DEFECT>
  <DEFECT>
    <SFA>
      <FILEPATH>D:\Ryesim\Crop source\</FILEPATH>
      <FILENAME>timer.cpp</FILENAME>
      <LINE>110</LINE>
      <COLUMN>11</COLUMN>
    </SFA>
    <DEFECTCODE>26451</DEFECTCODE>
    <DESCRIPTION>Arithmetic overflow: Using operator '-' on a 4 byte value and then casting the result to a 8 byte value. Cast the value to the wider type before calling operator '-' to avoid overflow (io.2).</DESCRIPTION>
    <FUNCTION>Timer::caldat</FUNCTION>
    <DECORATED>?caldat@Timer@@QAEXHAAH00@Z</DECORATED>
    <FUNCLINE>93</FUNCLINE>
    <PATH></PATH>
  </DEFECT>
</DEFECTS>