﻿<?xml version="1.0" encoding="utf-8"?><DEFECTS><DEFECT>
    <SFA>
      <FILEPATH>D:\Ryesim\Crop source\</FILEPATH>
      <FILENAME>cpmdate.cpp</FILENAME>
      <LINE>6</LINE>
      <COLUMN>9</COLUMN>
    </SFA>
    <DEFECTCODE>26495</DEFECTCODE>
    <DESCRIPTION>Variable 'CPMDate::year_string' is uninitialized. Always initialize a member variable (type.6).</DESCRIPTION>
    <FUNCTION>CPMDate::{ctor}</FUNCTION>
    <DECORATED>??0CPMDate@@QAE@XZ</DECORATED>
    <FUNCLINE>6</FUNCLINE>
    <ADDITIONALINFO>
      <targetSymbol>CPMDate::year_string</targetSymbol>
    </ADDITIONALINFO>
    <PATH></PATH>
  </DEFECT><DEFECT>
    <SFA>
      <FILEPATH>D:\Ryesim\Crop source\</FILEPATH>
      <FILENAME>cpmdate.cpp</FILENAME>
      <LINE>164</LINE>
      <COLUMN>9</COLUMN>
    </SFA>
    <DEFECTCODE>6054</DEFECTCODE>
    <DESCRIPTION>String 'ybuffer' might not be zero-terminated.</DESCRIPTION>
    <FUNCTION>CPMDate::y_to_str</FUNCTION>
    <DECORATED>?y_to_str@CPMDate@@AAEXXZ</DECORATED>
    <FUNCLINE>160</FUNCLINE>
    <PROBABILITY>1</PROBABILITY>
    <RANK>3</RANK>
    <CATEGORY>
      <RULECATEGORY>mspft</RULECATEGORY>
    </CATEGORY>
    <PATH>
      <SFA>
        <FILEPATH>D:\Ryesim\Crop source\</FILEPATH>
        <FILENAME>cpmdate.cpp</FILENAME>
        <LINE>162</LINE>
        <COLUMN>6</COLUMN>
        <KEYEVENT>
          <ID>1</ID>
          <KIND>declaration</KIND>
          <IMPORTANCE>Essential</IMPORTANCE>
          <MESSAGE>This expression may not zero-terminate 'ybuffer'</MESSAGE>
        </KEYEVENT>
      </SFA>
      <SFA>
        <FILEPATH>D:\Ryesim\Crop source\</FILEPATH>
        <FILENAME>cpmdate.cpp</FILENAME>
        <LINE>163</LINE>
        <COLUMN>8</COLUMN>
        <KEYEVENT>
          <ID>2</ID>
          <KIND>declaration</KIND>
          <IMPORTANCE>Full</IMPORTANCE>
          <MESSAGE>'ybuffer' is an Output from '_itoa_s' (declared at c:\program files (x86)\windows kits\10\include\10.0.19041.0\ucrt\stdlib.h:633)</MESSAGE>
        </KEYEVENT>
      </SFA>
      <SFA>
        <FILEPATH>D:\Ryesim\Crop source\</FILEPATH>
        <FILENAME>cpmdate.cpp</FILENAME>
        <LINE>164</LINE>
        <COLUMN>9</COLUMN>
        <KEYEVENT>
          <ID>3</ID>
          <KIND>usage</KIND>
          <IMPORTANCE>Full</IMPORTANCE>
          <MESSAGE>'ybuffer' is an Input to 'strcpy_s' (declared at c:\program files (x86)\windows kits\10\include\10.0.19041.0\ucrt\string.h:124)</MESSAGE>
        </KEYEVENT>
      </SFA>
      <SFA>
        <FILEPATH>D:\Ryesim\Crop source\</FILEPATH>
        <FILENAME>cpmdate.cpp</FILENAME>
        <LINE>164</LINE>
        <COLUMN>9</COLUMN>
        <KEYEVENT>
          <ID>4</ID>
          <KIND>usage</KIND>
          <IMPORTANCE>Essential</IMPORTANCE>
          <MESSAGE>'ybuffer' is required to be zero-terminated by a SAL annotation on 'strcpy_s'</MESSAGE>
        </KEYEVENT>
      </SFA>
    </PATH>
  </DEFECT><DEFECT>
    <SFA>
      <FILEPATH>D:\Ryesim\Crop source\</FILEPATH>
      <FILENAME>cpmdate.cpp</FILENAME>
      <LINE>209</LINE>
      <COLUMN>9</COLUMN>
    </SFA>
    <DEFECTCODE>6054</DEFECTCODE>
    <DESCRIPTION>String 'buffer' might not be zero-terminated.</DESCRIPTION>
    <FUNCTION>CPMDate::m_to_str</FUNCTION>
    <DECORATED>?m_to_str@CPMDate@@AAEXXZ</DECORATED>
    <FUNCLINE>167</FUNCLINE>
    <PROBABILITY>1</PROBABILITY>
    <RANK>3</RANK>
    <CATEGORY>
      <RULECATEGORY>mspft</RULECATEGORY>
    </CATEGORY>
    <PATH>
      <SFA>
        <FILEPATH>D:\Ryesim\Crop source\</FILEPATH>
        <FILENAME>cpmdate.cpp</FILENAME>
        <LINE>169</LINE>
        <COLUMN>6</COLUMN>
        <KEYEVENT>
          <ID>1</ID>
          <KIND>declaration</KIND>
          <IMPORTANCE>Essential</IMPORTANCE>
          <MESSAGE>This expression may not zero-terminate 'buffer'</MESSAGE>
        </KEYEVENT>
      </SFA>
      <SFA>
        <FILEPATH>D:\Ryesim\Crop source\</FILEPATH>
        <FILENAME>cpmdate.cpp</FILENAME>
        <LINE>170</LINE>
        <COLUMN>8</COLUMN>
        <KEYEVENT>
          <ID>2</ID>
          <KIND>branch</KIND>
          <IMPORTANCE>Full</IMPORTANCE>
          <MESSAGE>Assume switch ( 'month' ) resolves to the default case</MESSAGE>
        </KEYEVENT>
      </SFA>
      <SFA>
        <FILEPATH>D:\Ryesim\Crop source\</FILEPATH>
        <FILENAME>cpmdate.cpp</FILENAME>
        <LINE>209</LINE>
        <COLUMN>9</COLUMN>
        <KEYEVENT>
          <ID>3</ID>
          <KIND>usage</KIND>
          <IMPORTANCE>Full</IMPORTANCE>
          <MESSAGE>'buffer' is an Input to 'strcpy_s' (declared at c:\program files (x86)\windows kits\10\include\10.0.19041.0\ucrt\string.h:124)</MESSAGE>
        </KEYEVENT>
      </SFA>
      <SFA>
        <FILEPATH>D:\Ryesim\Crop source\</FILEPATH>
        <FILENAME>cpmdate.cpp</FILENAME>
        <LINE>209</LINE>
        <COLUMN>9</COLUMN>
        <KEYEVENT>
          <ID>4</ID>
          <KIND>usage</KIND>
          <IMPORTANCE>Essential</IMPORTANCE>
          <MESSAGE>'buffer' is required to be zero-terminated by a SAL annotation on 'strcpy_s'</MESSAGE>
        </KEYEVENT>
      </SFA>
    </PATH>
  </DEFECT><DEFECT>
    <SFA>
      <FILEPATH>D:\Ryesim\Crop source\</FILEPATH>
      <FILENAME>cpmdate.cpp</FILENAME>
      <LINE>209</LINE>
      <COLUMN>24</COLUMN>
    </SFA>
    <DEFECTCODE>6001</DEFECTCODE>
    <DESCRIPTION>Using uninitialized memory 'buffer'.</DESCRIPTION>
    <FUNCTION>CPMDate::m_to_str</FUNCTION>
    <DECORATED>?m_to_str@CPMDate@@AAEXXZ</DECORATED>
    <FUNCLINE>167</FUNCLINE>
    <PROBABILITY>1</PROBABILITY>
    <RANK>3</RANK>
    <CATEGORY>
      <RULECATEGORY>mspft</RULECATEGORY>
    </CATEGORY>
    <PATH>
      <SFA>
        <FILEPATH>D:\Ryesim\Crop source\</FILEPATH>
        <FILENAME>cpmdate.cpp</FILENAME>
        <LINE>169</LINE>
        <COLUMN>6</COLUMN>
        <KEYEVENT>
          <ID>1</ID>
          <KIND>declaration</KIND>
          <IMPORTANCE>Essential</IMPORTANCE>
          <MESSAGE>'buffer' is not initialized</MESSAGE>
        </KEYEVENT>
      </SFA>
      <SFA>
        <FILEPATH>D:\Ryesim\Crop source\</FILEPATH>
        <FILENAME>cpmdate.cpp</FILENAME>
        <LINE>170</LINE>
        <COLUMN>8</COLUMN>
        <KEYEVENT>
          <ID>2</ID>
          <KIND>branch</KIND>
          <IMPORTANCE>Full</IMPORTANCE>
          <MESSAGE>Assume switch ( 'month' ) resolves to the default case</MESSAGE>
        </KEYEVENT>
      </SFA>
      <SFA>
        <FILEPATH>D:\Ryesim\Crop source\</FILEPATH>
        <FILENAME>cpmdate.cpp</FILENAME>
        <LINE>209</LINE>
        <COLUMN>9</COLUMN>
        <KEYEVENT>
          <ID>3</ID>
          <KIND>usage</KIND>
          <IMPORTANCE>Full</IMPORTANCE>
          <MESSAGE>'buffer' is an Input to 'strcpy_s' (declared at c:\program files (x86)\windows kits\10\include\10.0.19041.0\ucrt\string.h:124)</MESSAGE>
        </KEYEVENT>
      </SFA>
      <SFA>
        <FILEPATH>D:\Ryesim\Crop source\</FILEPATH>
        <FILENAME>cpmdate.cpp</FILENAME>
        <LINE>210</LINE>
        <COLUMN>0</COLUMN>
      </SFA>
      <SFA>
        <FILEPATH>D:\Ryesim\Crop source\</FILEPATH>
        <FILENAME>cpmdate.cpp</FILENAME>
        <LINE>209</LINE>
        <COLUMN>24</COLUMN>
        <KEYEVENT>
          <ID>4</ID>
          <KIND>usage</KIND>
          <IMPORTANCE>Essential</IMPORTANCE>
          <MESSAGE>'buffer' is used, but may not have been initialized</MESSAGE>
        </KEYEVENT>
      </SFA>
    </PATH>
  </DEFECT><DEFECT>
    <SFA>
      <FILEPATH>D:\Ryesim\Crop source\</FILEPATH>
      <FILENAME>cpmdate.cpp</FILENAME>
      <LINE>226</LINE>
      <COLUMN>10</COLUMN>
    </SFA>
    <DEFECTCODE>6054</DEFECTCODE>
    <DESCRIPTION>String 'tbuffer' might not be zero-terminated.</DESCRIPTION>
    <FUNCTION>CPMDate::d_to_str</FUNCTION>
    <DECORATED>?d_to_str@CPMDate@@AAEXXZ</DECORATED>
    <FUNCLINE>212</FUNCLINE>
    <PROBABILITY>1</PROBABILITY>
    <RANK>3</RANK>
    <CATEGORY>
      <RULECATEGORY>mspft</RULECATEGORY>
    </CATEGORY>
    <PATH>
      <SFA>
        <FILEPATH>D:\Ryesim\Crop source\</FILEPATH>
        <FILENAME>cpmdate.cpp</FILENAME>
        <LINE>214</LINE>
        <COLUMN>6</COLUMN>
      </SFA>
      <SFA>
        <FILEPATH>D:\Ryesim\Crop source\</FILEPATH>
        <FILENAME>cpmdate.cpp</FILENAME>
        <LINE>214</LINE>
        <COLUMN>14</COLUMN>
        <KEYEVENT>
          <ID>1</ID>
          <KIND>declaration</KIND>
          <IMPORTANCE>Essential</IMPORTANCE>
          <MESSAGE>This expression may not zero-terminate 'tbuffer'</MESSAGE>
        </KEYEVENT>
      </SFA>
      <SFA>
        <FILEPATH>D:\Ryesim\Crop source\</FILEPATH>
        <FILENAME>cpmdate.cpp</FILENAME>
        <LINE>216</LINE>
        <COLUMN>8</COLUMN>
        <KEYEVENT>
          <ID>2</ID>
          <KIND>declaration</KIND>
          <IMPORTANCE>Full</IMPORTANCE>
          <MESSAGE>'tbuffer' is an Output from '_itoa_s' (declared at c:\program files (x86)\windows kits\10\include\10.0.19041.0\ucrt\stdlib.h:633)</MESSAGE>
        </KEYEVENT>
      </SFA>
      <SFA>
        <FILEPATH>D:\Ryesim\Crop source\</FILEPATH>
        <FILENAME>cpmdate.cpp</FILENAME>
        <LINE>217</LINE>
        <COLUMN>8</COLUMN>
      </SFA>
      <SFA>
        <FILEPATH>D:\Ryesim\Crop source\</FILEPATH>
        <FILENAME>cpmdate.cpp</FILENAME>
        <LINE>219</LINE>
        <COLUMN>9</COLUMN>
        <KEYEVENT>
          <ID>3</ID>
          <KIND>branch</KIND>
          <IMPORTANCE>Full</IMPORTANCE>
          <MESSAGE>Skip this branch, (assume 'day&lt;10' is false)</MESSAGE>
        </KEYEVENT>
      </SFA>
      <SFA>
        <FILEPATH>D:\Ryesim\Crop source\</FILEPATH>
        <FILENAME>cpmdate.cpp</FILENAME>
        <LINE>226</LINE>
        <COLUMN>10</COLUMN>
        <KEYEVENT>
          <ID>4</ID>
          <KIND>usage</KIND>
          <IMPORTANCE>Full</IMPORTANCE>
          <MESSAGE>'tbuffer' is an Input to 'strcpy_s' (declared at c:\program files (x86)\windows kits\10\include\10.0.19041.0\ucrt\string.h:124)</MESSAGE>
        </KEYEVENT>
      </SFA>
      <SFA>
        <FILEPATH>D:\Ryesim\Crop source\</FILEPATH>
        <FILENAME>cpmdate.cpp</FILENAME>
        <LINE>226</LINE>
        <COLUMN>10</COLUMN>
        <KEYEVENT>
          <ID>5</ID>
          <KIND>usage</KIND>
          <IMPORTANCE>Essential</IMPORTANCE>
          <MESSAGE>'tbuffer' is required to be zero-terminated by a SAL annotation on 'strcpy_s'</MESSAGE>
        </KEYEVENT>
      </SFA>
    </PATH>
  </DEFECT><DEFECT>
    <SFA>
      <FILEPATH>D:\Ryesim\Crop source\</FILEPATH>
      <FILENAME>cpmdate.cpp</FILENAME>
      <LINE>217</LINE>
      <COLUMN>8</COLUMN>
    </SFA>
    <DEFECTCODE>6054</DEFECTCODE>
    <DESCRIPTION>String 'dd' might not be zero-terminated.</DESCRIPTION>
    <FUNCTION>CPMDate::d_to_str</FUNCTION>
    <DECORATED>?d_to_str@CPMDate@@AAEXXZ</DECORATED>
    <FUNCLINE>212</FUNCLINE>
    <PROBABILITY>1</PROBABILITY>
    <RANK>3</RANK>
    <CATEGORY>
      <RULECATEGORY>mspft</RULECATEGORY>
    </CATEGORY>
    <PATH>
      <SFA>
        <FILEPATH>D:\Ryesim\Crop source\</FILEPATH>
        <FILENAME>cpmdate.cpp</FILENAME>
        <LINE>214</LINE>
        <COLUMN>6</COLUMN>
        <KEYEVENT>
          <ID>1</ID>
          <KIND>declaration</KIND>
          <IMPORTANCE>Essential</IMPORTANCE>
          <MESSAGE>This expression may not zero-terminate 'dd'</MESSAGE>
        </KEYEVENT>
      </SFA>
      <SFA>
        <FILEPATH>D:\Ryesim\Crop source\</FILEPATH>
        <FILENAME>cpmdate.cpp</FILENAME>
        <LINE>214</LINE>
        <COLUMN>14</COLUMN>
      </SFA>
      <SFA>
        <FILEPATH>D:\Ryesim\Crop source\</FILEPATH>
        <FILENAME>cpmdate.cpp</FILENAME>
        <LINE>216</LINE>
        <COLUMN>8</COLUMN>
      </SFA>
      <SFA>
        <FILEPATH>D:\Ryesim\Crop source\</FILEPATH>
        <FILENAME>cpmdate.cpp</FILENAME>
        <LINE>217</LINE>
        <COLUMN>8</COLUMN>
        <KEYEVENT>
          <ID>2</ID>
          <KIND>usage</KIND>
          <IMPORTANCE>Full</IMPORTANCE>
          <MESSAGE>'dd' is an Input to 'strlen' (declared at c:\program files (x86)\windows kits\10\include\10.0.19041.0\ucrt\string.h:215)</MESSAGE>
        </KEYEVENT>
      </SFA>
      <SFA>
        <FILEPATH>D:\Ryesim\Crop source\</FILEPATH>
        <FILENAME>cpmdate.cpp</FILENAME>
        <LINE>217</LINE>
        <COLUMN>8</COLUMN>
        <KEYEVENT>
          <ID>3</ID>
          <KIND>usage</KIND>
          <IMPORTANCE>Essential</IMPORTANCE>
          <MESSAGE>'dd' is required to be zero-terminated by a SAL annotation on 'strlen'</MESSAGE>
        </KEYEVENT>
      </SFA>
    </PATH>
  </DEFECT><DEFECT>
    <SFA>
      <FILEPATH>D:\Ryesim\Crop source\</FILEPATH>
      <FILENAME>cpmdate.cpp</FILENAME>
      <LINE>217</LINE>
      <COLUMN>26</COLUMN>
    </SFA>
    <DEFECTCODE>6001</DEFECTCODE>
    <DESCRIPTION>Using uninitialized memory 'dd'.</DESCRIPTION>
    <FUNCTION>CPMDate::d_to_str</FUNCTION>
    <DECORATED>?d_to_str@CPMDate@@AAEXXZ</DECORATED>
    <FUNCLINE>212</FUNCLINE>
    <PROBABILITY>1</PROBABILITY>
    <RANK>3</RANK>
    <CATEGORY>
      <RULECATEGORY>mspft</RULECATEGORY>
    </CATEGORY>
    <PATH>
      <SFA>
        <FILEPATH>D:\Ryesim\Crop source\</FILEPATH>
        <FILENAME>cpmdate.cpp</FILENAME>
        <LINE>214</LINE>
        <COLUMN>6</COLUMN>
        <KEYEVENT>
          <ID>1</ID>
          <KIND>declaration</KIND>
          <IMPORTANCE>Essential</IMPORTANCE>
          <MESSAGE>'dd' is not initialized</MESSAGE>
        </KEYEVENT>
      </SFA>
      <SFA>
        <FILEPATH>D:\Ryesim\Crop source\</FILEPATH>
        <FILENAME>cpmdate.cpp</FILENAME>
        <LINE>214</LINE>
        <COLUMN>14</COLUMN>
      </SFA>
      <SFA>
        <FILEPATH>D:\Ryesim\Crop source\</FILEPATH>
        <FILENAME>cpmdate.cpp</FILENAME>
        <LINE>216</LINE>
        <COLUMN>8</COLUMN>
      </SFA>
      <SFA>
        <FILEPATH>D:\Ryesim\Crop source\</FILEPATH>
        <FILENAME>cpmdate.cpp</FILENAME>
        <LINE>217</LINE>
        <COLUMN>8</COLUMN>
        <KEYEVENT>
          <ID>2</ID>
          <KIND>usage</KIND>
          <IMPORTANCE>Full</IMPORTANCE>
          <MESSAGE>'dd' is an Input to 'strlen' (declared at c:\program files (x86)\windows kits\10\include\10.0.19041.0\ucrt\string.h:215)</MESSAGE>
        </KEYEVENT>
      </SFA>
      <SFA>
        <FILEPATH>D:\Ryesim\Crop source\</FILEPATH>
        <FILENAME>cpmdate.cpp</FILENAME>
        <LINE>217</LINE>
        <COLUMN>26</COLUMN>
        <KEYEVENT>
          <ID>3</ID>
          <KIND>usage</KIND>
          <IMPORTANCE>Essential</IMPORTANCE>
          <MESSAGE>'dd' is used, but may not have been initialized</MESSAGE>
        </KEYEVENT>
      </SFA>
    </PATH>
  </DEFECT><DEFECT>
    <SFA>
      <FILEPATH>D:\Ryesim\Crop source\</FILEPATH>
      <FILENAME>initinfo.h</FILENAME>
      <LINE>14</LINE>
      <COLUMN>1</COLUMN>
    </SFA>
    <DEFECTCODE>26495</DEFECTCODE>
    <DESCRIPTION>Variable 'TInitInfo::description' is uninitialized. Always initialize a member variable (type.6).</DESCRIPTION>
    <FUNCTION>TInitInfo::{ctor}</FUNCTION>
    <DECORATED>??0TInitInfo@@QAE@XZ</DECORATED>
    <FUNCLINE>14</FUNCLINE>
    <ADDITIONALINFO>
      <targetSymbol>TInitInfo::description</targetSymbol>
    </ADDITIONALINFO>
    <PATH></PATH>
  </DEFECT><DEFECT>
    <SFA>
      <FILEPATH>D:\Ryesim\Crop source\</FILEPATH>
      <FILENAME>gas_exchange.cpp</FILENAME>
      <LINE>49</LINE>
      <COLUMN>14</COLUMN>
    </SFA>
    <DEFECTCODE>26495</DEFECTCODE>
    <DESCRIPTION>Variable 'CGasExchange::iter_Ci' is uninitialized. Always initialize a member variable (type.6).</DESCRIPTION>
    <FUNCTION>CGasExchange::{ctor}</FUNCTION>
    <DECORATED>??0CGasExchange@@QAE@ABUTGasExSpeciesParam@@@Z</DECORATED>
    <FUNCLINE>49</FUNCLINE>
    <ADDITIONALINFO>
      <targetSymbol>CGasExchange::iter_Ci</targetSymbol>
    </ADDITIONALINFO>
    <PATH></PATH>
  </DEFECT><DEFECT>
    <SFA>
      <FILEPATH>D:\Ryesim\Crop source\</FILEPATH>
      <FILENAME>gas_exchange.cpp</FILENAME>
      <LINE>203</LINE>
      <COLUMN>9</COLUMN>
    </SFA>
    <DEFECTCODE>26812</DEFECTCODE>
    <DESCRIPTION>The enum type 'CGasExchange::gsModel' is unscoped. Prefer 'enum class' over 'enum' (Enum.3).</DESCRIPTION>
    <FUNCTION>CGasExchange::gsw</FUNCTION>
    <DECORATED>?gsw@CGasExchange@@AAENNUTInitInfo@@@Z</DECORATED>
    <FUNCLINE>188</FUNCLINE>
    <PATH></PATH>
  </DEFECT><DEFECT>
    <SFA>
      <FILEPATH>D:\Ryesim\Crop source\</FILEPATH>
      <FILENAME>radtrans.cpp</FILENAME>
      <LINE>37</LINE>
      <COLUMN>11</COLUMN>
    </SFA>
    <DEFECTCODE>26812</DEFECTCODE>
    <DESCRIPTION>The enum type 'CRadTrans::CLeafAngle' is unscoped. Prefer 'enum class' over 'enum' (Enum.3).</DESCRIPTION>
    <FUNCTION>CRadTrans::{ctor}</FUNCTION>
    <DECORATED>??0CRadTrans@@QAE@XZ</DECORATED>
    <FUNCLINE>32</FUNCLINE>
    <PATH></PATH>
  </DEFECT><DEFECT>
    <SFA>
      <FILEPATH>D:\Ryesim\Crop source\</FILEPATH>
      <FILENAME>weather.h</FILENAME>
      <LINE>8</LINE>
      <COLUMN>1</COLUMN>
    </SFA>
    <DEFECTCODE>26495</DEFECTCODE>
    <DESCRIPTION>Variable 'TWeather::ThetaAvail' is uninitialized. Always initialize a member variable (type.6).</DESCRIPTION>
    <FUNCTION>TWeather::{ctor}</FUNCTION>
    <DECORATED>??0TWeather@@QAE@XZ</DECORATED>
    <FUNCLINE>8</FUNCLINE>
    <ADDITIONALINFO>
      <targetSymbol>TWeather::ThetaAvail</targetSymbol>
    </ADDITIONALINFO>
    <PATH></PATH>
  </DEFECT><DEFECT>
    <SFA>
      <FILEPATH>D:\Ryesim\Crop source\</FILEPATH>
      <FILENAME>RyeController.cpp</FILENAME>
      <LINE>44</LINE>
      <COLUMN>9</COLUMN>
    </SFA>
    <DEFECTCODE>6387</DEFECTCODE>
    <DESCRIPTION>'temp' could be '0'.</DESCRIPTION>
    <FUNCTION>RyeController::{ctor}</FUNCTION>
    <DECORATED>??0RyeController@@QAE@PBD00UTInitInfo@@@Z</DECORATED>
    <FUNCLINE>25</FUNCLINE>
    <PROBABILITY>1</PROBABILITY>
    <RANK>4</RANK>
    <CATEGORY>
      <RULECATEGORY>mspft</RULECATEGORY>
    </CATEGORY>
    <PATH>
      <SFA>
        <FILEPATH>D:\Ryesim\Crop source\</FILEPATH>
        <FILENAME>RyeController.cpp</FILENAME>
        <LINE>26</LINE>
        <COLUMN>0</COLUMN>
      </SFA>
      <SFA>
        <FILEPATH>D:\Ryesim\Crop source\</FILEPATH>
        <FILENAME>RyeController.cpp</FILENAME>
        <LINE>27</LINE>
        <COLUMN>6</COLUMN>
      </SFA>
      <SFA>
        <FILEPATH>D:\Ryesim\Crop source\</FILEPATH>
        <FILENAME>RyeController.cpp</FILENAME>
        <LINE>28</LINE>
        <COLUMN>9</COLUMN>
      </SFA>
      <SFA>
        <FILEPATH>D:\Ryesim\Crop source\</FILEPATH>
        <FILENAME>RyeController.cpp</FILENAME>
        <LINE>29</LINE>
        <COLUMN>10</COLUMN>
      </SFA>
      <SFA>
        <FILEPATH>D:\Ryesim\Crop source\</FILEPATH>
        <FILENAME>RyeController.cpp</FILENAME>
        <LINE>31</LINE>
        <COLUMN>7</COLUMN>
      </SFA>
      <SFA>
        <FILEPATH>D:\Ryesim\Crop source\</FILEPATH>
        <FILENAME>RyeController.cpp</FILENAME>
        <LINE>32</LINE>
        <COLUMN>7</COLUMN>
      </SFA>
      <SFA>
        <FILEPATH>D:\Ryesim\Crop source\</FILEPATH>
        <FILENAME>RyeController.cpp</FILENAME>
        <LINE>33</LINE>
        <COLUMN>7</COLUMN>
      </SFA>
      <SFA>
        <FILEPATH>D:\Ryesim\Crop source\</FILEPATH>
        <FILENAME>RyeController.cpp</FILENAME>
        <LINE>34</LINE>
        <COLUMN>7</COLUMN>
        <KEYEVENT>
          <ID>1</ID>
          <KIND>declaration</KIND>
          <IMPORTANCE>Essential</IMPORTANCE>
          <MESSAGE>'temp' may be NULL</MESSAGE>
        </KEYEVENT>
      </SFA>
      <SFA>
        <FILEPATH>D:\Ryesim\Crop source\</FILEPATH>
        <FILENAME>RyeController.cpp</FILENAME>
        <LINE>38</LINE>
        <COLUMN>9</COLUMN>
      </SFA>
      <SFA>
        <FILEPATH>D:\Ryesim\Crop source\</FILEPATH>
        <FILENAME>RyeController.cpp</FILENAME>
        <LINE>41</LINE>
        <COLUMN>9</COLUMN>
      </SFA>
      <SFA>
        <FILEPATH>D:\Ryesim\Crop source\</FILEPATH>
        <FILENAME>RyeController.cpp</FILENAME>
        <LINE>44</LINE>
        <COLUMN>9</COLUMN>
        <KEYEVENT>
          <ID>2</ID>
          <KIND>declaration</KIND>
          <IMPORTANCE>Full</IMPORTANCE>
          <MESSAGE>'temp' is an In/Out argument to 'strcpy_s' (declared at c:\program files (x86)\windows kits\10\include\10.0.19041.0\ucrt\string.h:32)</MESSAGE>
        </KEYEVENT>
      </SFA>
      <SFA>
        <FILEPATH>D:\Ryesim\Crop source\</FILEPATH>
        <FILENAME>RyeController.cpp</FILENAME>
        <LINE>44</LINE>
        <COLUMN>9</COLUMN>
        <KEYEVENT>
          <ID>3</ID>
          <KIND>usage</KIND>
          <IMPORTANCE>Essential</IMPORTANCE>
          <MESSAGE>'temp' should not be NULL, because this is not consistent with the SAL annotation on 'strcpy_s'</MESSAGE>
        </KEYEVENT>
      </SFA>
    </PATH>
  </DEFECT><DEFECT>
    <SFA>
      <FILEPATH>D:\Ryesim\Crop source\</FILEPATH>
      <FILENAME>RyeController.cpp</FILENAME>
      <LINE>196</LINE>
      <COLUMN>57</COLUMN>
    </SFA>
    <DEFECTCODE>26451</DEFECTCODE>
    <DESCRIPTION>Arithmetic overflow: Using operator '*' on a 4 byte value and then casting the result to a 8 byte value. Cast the value to the wider type before calling operator '*' to avoid overflow (io.2).</DESCRIPTION>
    <FUNCTION>RyeController::initialize</FUNCTION>
    <DECORATED>?initialize@RyeController@@QAEXXZ</DECORATED>
    <FUNCLINE>101</FUNCLINE>
    <PATH></PATH>
  </DEFECT><DEFECT>
    <SFA>
      <FILEPATH>D:\Ryesim\Crop source\</FILEPATH>
      <FILENAME>RyePlant.cpp</FILENAME>
      <LINE>22</LINE>
      <COLUMN>10</COLUMN>
    </SFA>
    <DEFECTCODE>26495</DEFECTCODE>
    <DESCRIPTION>Variable 'RyePlant::NitrogenIntrNodeGrowth_ptn' is uninitialized. Always initialize a member variable (type.6).</DESCRIPTION>
    <FUNCTION>RyePlant::{ctor}</FUNCTION>
    <DECORATED>??0RyePlant@@QAE@ABUTInitInfo@@AAUTGasExSpeciesParam@@@Z</DECORATED>
    <FUNCLINE>22</FUNCLINE>
    <ADDITIONALINFO>
      <targetSymbol>RyePlant::NitrogenIntrNodeGrowth_ptn</targetSymbol>
    </ADDITIONALINFO>
    <PATH></PATH>
  </DEFECT><DEFECT>
    <SFA>
      <FILEPATH>D:\Ryesim\Crop source\</FILEPATH>
      <FILENAME>RyeTiller.cpp</FILENAME>
      <LINE>197</LINE>
      <COLUMN>40</COLUMN>
    </SFA>
    <DEFECTCODE>26451</DEFECTCODE>
    <DESCRIPTION>Arithmetic overflow: Using operator '-' on a 4 byte value and then casting the result to a 8 byte value. Cast the value to the wider type before calling operator '-' to avoid overflow (io.2).</DESCRIPTION>
    <FUNCTION>RyeTiller::MainstemInitialize</FUNCTION>
    <DECORATED>?MainstemInitialize@RyeTiller@@QAEXXZ</DECORATED>
    <FUNCLINE>171</FUNCLINE>
    <PATH></PATH>
  </DEFECT><DEFECT>
    <SFA>
      <FILEPATH>D:\Ryesim\Crop source\</FILEPATH>
      <FILENAME>RyeTiller.cpp</FILENAME>
      <LINE>450</LINE>
      <COLUMN>70</COLUMN>
    </SFA>
    <DEFECTCODE>26451</DEFECTCODE>
    <DESCRIPTION>Arithmetic overflow: Using operator '+' on a 4 byte value and then casting the result to a 8 byte value. Cast the value to the wider type before calling operator '+' to avoid overflow (io.2).</DESCRIPTION>
    <FUNCTION>RyeTiller::RyeTillerSingleUpdate</FUNCTION>
    <DECORATED>?RyeTillerSingleUpdate@RyeTiller@@QAEXXZ</DECORATED>
    <FUNCLINE>324</FUNCLINE>
    <PATH></PATH>
  </DEFECT><DEFECT>
    <SFA>
      <FILEPATH>D:\Ryesim\Crop source\</FILEPATH>
      <FILENAME>timer.cpp</FILENAME>
      <LINE>101</LINE>
      <COLUMN>29</COLUMN>
    </SFA>
    <DEFECTCODE>26451</DEFECTCODE>
    <DESCRIPTION>Arithmetic overflow: Using operator '-' on a 4 byte value and then casting the result to a 8 byte value. Cast the value to the wider type before calling operator '-' to avoid overflow (io.2).</DESCRIPTION>
    <FUNCTION>Timer::caldat</FUNCTION>
    <DECORATED>?caldat@Timer@@QAEXHAAH00@Z</DECORATED>
    <FUNCLINE>93</FUNCLINE>
    <PATH></PATH>
  </DEFECT><DEFECT>
    <SFA>
      <FILEPATH>D:\Ryesim\Crop source\</FILEPATH>
      <FILENAME>timer.cpp</FILENAME>
      <LINE>108</LINE>
      <COLUMN>27</COLUMN>
    </SFA>
    <DEFECTCODE>26451</DEFECTCODE>
    <DESCRIPTION>Arithmetic overflow: Using operator '-' on a 4 byte value and then casting the result to a 8 byte value. Cast the value to the wider type before calling operator '-' to avoid overflow (io.2).</DESCRIPTION>
    <FUNCTION>Timer::caldat</FUNCTION>
    <DECORATED>?caldat@Timer@@QAEXHAAH00@Z</DECORATED>
    <FUNCLINE>93</FUNCLINE>
    <PATH></PATH>
  </DEFECT><DEFECT>
    <SFA>
      <FILEPATH>D:\Ryesim\Crop source\</FILEPATH>
      <FILENAME>timer.cpp</FILENAME>
      <LINE>110</LINE>
      <COLUMN>11</COLUMN>
    </SFA>
    <DEFECTCODE>26451</DEFECTCODE>
    <DESCRIPTION>Arithmetic overflow: Using operator '-' on a 4 byte value and then casting the result to a 8 byte value. Cast the value to the wider type before calling operator '-' to avoid overflow (io.2).</DESCRIPTION>
    <FUNCTION>Timer::caldat</FUNCTION>
    <DECORATED>?caldat@Timer@@QAEXHAAH00@Z</DECORATED>
    <FUNCLINE>93</FUNCLINE>
    <PATH></PATH>
  </DEFECT></DEFECTS>